Date,SMI,SP500,USD_CHF,CH_infl,US_infl,Shadow,BondUS,BondCH
2003-09-17,5398.899902,1025.97,1.3807,0.143,0.325027086,0.86,0.958,0.18
2003-09-22,5257.200195,1022.82,1.3528,0.51,-0.107991361,0.86,0.958,0.17
2003-09-29,5102.299805,1006.58,1.3236,0.51,-0.107991361,0.86,0.953,0.19
2003-10-06,5161.5,1034.35,1.3194,0.51,-0.107991361,0.86,0.917,0.18
2003-10-13,5272.799805,1045.35,1.3228,-0.132,-0.27027027,0.83,0.907,0.17
2003-10-20,5266.600098,1044.68,1.332,-0.132,-0.27027027,0.83,0.948,0.18
2003-10-27,5157.600098,1031.13,1.3179,-0.132,-0.27027027,0.83,0.968,0.09
2003-11-03,5319.600098,1059.02,1.3598,-0.132,-0.27027027,0.83,0.932,0.17
2003-11-10,5242.200195,1047.11,1.3741,-0.132,-0.27027027,0.83,0.958,0.19
2003-11-17,5274.700195,1043.63,1.3252,0.02,-0.108401084,0.87,0.938,0.17
2003-11-24,5304.600098,1052.08,1.3185,0.02,-0.108401084,0.87,0.958,0.18
2003-12-01,5374.899902,1070.12,1.2981,0.02,-0.108401084,0.87,0.948,0.2
2003-12-08,5360.0,1069.3,1.2674,0.02,-0.108401084,0.87,0.932,0.19
2003-12-15,5427.100098,1068.04,1.2605,-0.335,0.488334238,0.74,0.907,0.2
2003-12-22,5387.799805,1092.94,1.2575,-0.335,0.488334238,0.74,0.897,0.14
2003-12-29,5445.200195,1109.48,1.2496,-0.335,0.488334238,0.74,0.886,0.19
2004-01-05,5582.700195,1122.22,1.232,-0.335,0.488334238,0.74,0.917,0.2
2004-01-12,5507.700195,1127.23,1.2277,-0.335,0.488334238,0.74,0.861,0.14
2004-01-20,5665.5,1138.77,1.2457,0.02,0.539956803,0.75,0.866,0.16
2004-01-26,5748.5,1155.37,1.255,0.02,0.539956803,0.75,0.879,0.15
2004-02-02,5788.299805,1135.26,1.261,0.02,0.539956803,0.75,0.907,0.14
2004-02-09,5869.799805,1139.81,1.2354,0.02,0.539956803,0.75,0.927,0.15
2004-02-17,5871.700195,1156.99,1.2255,0.214,0.644468314,0.75,0.917,0.17
2004-02-23,5880.200195,1140.99,1.2551,0.214,0.644468314,0.75,0.937,0.2
2004-03-01,5830.700195,1155.96,1.2684,0.214,0.644468314,0.75,0.948,0.18
2004-03-08,5884.5,1147.21,1.2718,0.214,0.644468314,0.75,0.948,0.17
2004-03-15,5620.299805,1104.49,1.2743,0.844,0.320170758,0.91,0.948,0.22
2004-03-22,5469.0,1095.4,1.2567,0.844,0.320170758,0.91,0.937,0.18
2004-03-29,5644.200195,1122.47,1.2836,0.844,0.320170758,0.91,0.932,0.22
2004-04-05,5815.299805,1150.57,1.3045,0.844,0.320170758,0.91,0.927,0.21
2004-04-12,5803.399902,1145.2,1.2832,0.844,0.320170758,0.91,0.932,0.2
2004-04-19,5787.799805,1135.82,1.2917,0.222,0.585106383,0.87,0.937,0.26
2004-04-26,5881.200195,1135.53,1.3078,0.222,0.585106383,0.87,0.963,0.25
2004-05-03,5816.899902,1117.49,1.3013,0.222,0.585106383,0.87,0.968,0.21
2004-05-10,5641.799805,1087.12,1.2992,0.222,0.585106383,0.87,1.05,0.23
2004-05-17,5607.899902,1084.1,1.2753,0.181,0.317292438,1.07,0.983,0.19
2004-05-24,5681.799805,1095.41,1.2797,0.181,0.317292438,1.07,1.024,0.19
2004-06-01,5589.5,1121.2,1.2463,0.181,0.317292438,1.07,1.072,0.19
2004-06-07,5744.200195,1140.42,1.2362,0.181,0.317292438,1.07,1.196,0.24
2004-06-14,5633.600098,1125.29,1.2552,-1.055,-0.158144439,1.32,1.285,0.34
2004-06-21,5716.5,1130.3,1.2452,-1.055,-0.158144439,1.32,1.264,0.39
2004-06-28,5706.299805,1133.35,1.2489,-1.055,-0.158144439,1.32,1.3,0.4
2004-07-06,5549.899902,1116.21,1.2366,-1.055,-0.158144439,1.32,1.218,0.43
2004-07-12,5532.700195,1114.35,1.2248,-1.055,-0.158144439,1.32,1.264,0.41
2004-07-19,5429.700195,1100.9,1.2292,0.376,0.05279831,1.44,1.331,0.44
2004-07-26,5444.0,1084.06,1.265,0.376,0.05279831,1.44,1.357,0.38
2004-08-02,5537.799805,1106.62,1.2799,0.376,0.05279831,1.44,1.423,0.44
2004-08-09,5358.600098,1065.22,1.2539,0.376,0.05279831,1.44,1.423,0.47
2004-08-16,5354.200195,1079.34,1.2406,0.0,0.211081794,1.63,1.428,0.46
2004-08-23,5394.299805,1095.68,1.2682,0.0,0.211081794,1.63,1.469,0.44
2004-08-30,5448.799805,1099.15,1.2797,0.0,0.211081794,1.63,1.547,0.52
2004-09-07,5559.799805,1121.3,1.2678,0.0,0.211081794,1.63,1.618,0.59
2004-09-13,5573.299805,1125.82,1.2585,0.941,0.526592944,1.93,1.639,0.5
2004-09-20,5548.5,1122.2,1.2721,0.941,0.526592944,1.93,1.69,0.56
2004-09-27,5446.0,1103.52,1.2597,0.941,0.526592944,1.93,1.71,0.6
2004-10-04,5600.899902,1135.17,1.2644,0.941,0.526592944,1.93,1.674,0.62
2004-10-11,5474.700195,1124.39,1.2507,0.941,0.526592944,1.93,1.674,0.67
2004-10-18,5365.399902,1114.02,1.2323,0.1,0.052383447,2.08,1.736,0.69
2004-10-25,5309.700195,1094.81,1.1956,0.1,0.052383447,2.08,1.807,0.63
2004-11-01,5422.299805,1130.51,1.2023,0.1,0.052383447,2.08,1.889,0.68
2004-11-08,5602.5,1164.89,1.182,0.1,0.052383447,2.08,2.017,0.73
2004-11-15,5674.299805,1183.81,1.1796,-0.17,-0.366492147,2.35,2.068,0.68
2004-11-22,5562.200195,1177.24,1.1631,-0.17,-0.366492147,2.35,2.13,0.69
2004-11-29,5519.5,1178.57,1.1432,-0.17,-0.366492147,2.35,2.186,0.7
2004-12-06,5520.700195,1190.25,1.1414,-0.17,-0.366492147,2.35,2.206,0.65
2004-12-13,5624.899902,1198.68,1.1531,-0.461,0.21019443,2.53,2.217,0.68
2004-12-20,5650.700195,1194.65,1.1496,-0.461,0.21019443,2.53,2.186,0.71
2004-12-27,5685.5,1204.92,1.1346,-0.461,0.21019443,2.53,2.181,0.7
2005-01-03,5768.700195,1202.08,1.147,-0.461,0.21019443,2.53,2.206,0.67
2005-01-10,5731.799805,1190.25,1.1794,-0.461,0.21019443,2.53,2.309,0.67
2005-01-18,5739.399902,1195.98,1.1853,0.222,0.576822234,2.68,2.34,0.6
2005-01-24,5750.5,1163.75,1.185,0.222,0.576822234,2.68,2.319,0.69
2005-01-31,5771.399902,1181.27,1.1878,0.222,0.576822234,2.68,2.447,0.68
2005-02-07,5870.700195,1201.72,1.2238,0.222,0.576822234,2.68,2.468,0.66
2005-02-14,5913.0,1206.14,1.1979,0.241,0.782064651,2.84,2.519,0.66
2005-02-22,5911.5,1184.16,1.1587,0.241,0.782064651,2.84,2.601,0.65
2005-02-28,5931.299805,1203.6,1.1638,0.241,0.782064651,2.84,2.724,0.7
2005-03-07,6014.600098,1225.31,1.1743,0.241,0.782064651,2.84,2.724,0.64
2005-03-14,5963.0,1206.83,1.1597,0.822,0.672529747,2.96,2.74,0.7
2005-03-21,5907.700195,1183.78,1.1789,0.822,0.672529747,2.96,2.786,0.68
2005-03-28,5935.5,1174.28,1.2037,0.822,0.672529747,2.96,2.812,0.66
2005-04-04,5903.200195,1176.12,1.2089,0.822,0.672529747,2.96,2.735,0.7
2005-04-11,6014.700195,1181.21,1.1936,0.822,0.672529747,2.96,2.745,0.73
2005-04-18,5925.399902,1145.98,1.1877,-0.099,-0.102774923,3.08,2.76,0.66
2005-04-25,5899.899902,1162.1,1.1883,-0.099,-0.102774923,3.08,2.879,0.69
2005-05-02,5924.600098,1162.16,1.1988,-0.099,-0.102774923,3.08,2.868,0.71
2005-05-09,6002.899902,1178.84,1.2043,-0.099,-0.102774923,3.08,2.843,0.69
2005-05-16,5943.0,1165.69,1.2221,-0.229,0.051440329,3.15,2.766,0.69
2005-05-23,6038.600098,1193.86,1.2312,-0.229,0.051440329,3.15,2.879,0.68
2005-05-31,6127.200195,1191.5,1.2476,-0.229,0.051440329,3.15,2.93,0.66
2005-06-06,6186.0,1197.51,1.2495,-0.229,0.051440329,3.15,2.981,0.7
2005-06-13,6266.200195,1200.82,1.2704,-0.539,0.462724936,3.32,2.986,0.71
2005-06-20,6236.799805,1216.1,1.2708,-0.539,0.462724936,3.32,2.966,0.68
2005-06-27,6191.100098,1190.69,1.2682,-0.539,0.462724936,3.32,3.069,0.71
2005-07-05,6282.799805,1204.99,1.3023,-0.539,0.462724936,3.32,3.151,0.7
2005-07-11,6357.200195,1219.44,1.288,-0.539,0.462724936,3.32,3.151,0.7
2005-07-18,6464.5,1221.13,1.294,0.14,0.511770727,3.58,3.239,0.7
2005-07-25,6503.899902,1229.03,1.295,0.14,0.511770727,3.58,3.362,0.7
2005-08-01,6609.399902,1235.35,1.2785,0.14,0.511770727,3.58,3.393,0.7
2005-08-08,6634.299805,1223.13,1.2615,0.14,0.511770727,3.58,3.496,0.71
2005-08-15,6636.399902,1233.87,1.2543,0.441,1.221995927,3.63,3.481,0.71
2005-08-22,6623.299805,1221.73,1.2694,0.441,1.221995927,3.63,3.491,0.71
2005-08-29,6463.700195,1212.28,1.2661,0.441,1.221995927,3.63,3.532,0.71
2005-09-06,6609.799805,1233.39,1.239,0.441,1.221995927,3.63,3.449,0.68
2005-09-12,6727.200195,1240.56,1.2572,0.441,1.221995927,3.63,3.47,0.68
2005-09-19,6804.100098,1231.02,1.2787,0.868,0.201207243,4.14,3.481,0.7
2005-09-26,6852.200195,1215.63,1.2885,0.868,0.201207243,4.14,3.465,0.71
2005-10-03,7005.600098,1226.7,1.3022,0.868,0.201207243,4.14,3.527,0.75
2005-10-10,6950.899902,1187.33,1.2852,0.868,0.201207243,4.14,3.62,0.75
2005-10-17,6883.399902,1190.1,1.2937,-0.277,-0.803212851,4.2,3.769,0.75
2005-10-24,6911.799805,1199.38,1.2881,-0.277,-0.803212851,4.2,3.858,0.75
2005-10-31,7036.600098,1207.01,1.2896,-0.277,-0.803212851,4.2,3.867,0.82
2005-11-07,7253.700195,1222.81,1.3073,-0.277,-0.803212851,4.2,3.909,0.89
2005-11-14,7313.0,1233.76,1.3176,-0.109,-0.4048583,4.33,3.95,0.87
2005-11-21,7452.299805,1254.85,1.3189,-0.109,-0.4048583,4.33,3.966,0.89
2005-11-28,7427.5,1257.46,1.3059,-0.109,-0.4048583,4.33,3.914,0.95
2005-12-05,7584.799805,1262.09,1.3071,-0.109,-0.4048583,4.33,3.976,0.97
2005-12-12,7567.5,1260.43,1.2892,-0.109,-0.4048583,4.33,3.976,0.98
2005-12-19,7532.899902,1259.92,1.2922,-0.189,0.762195122,4.36,3.914,0.94
2005-12-27,7548.799805,1256.54,1.3146,-0.189,0.762195122,4.36,3.965,0.95
2006-01-03,7628.600098,1268.8,1.2884,-0.189,0.762195122,4.36,4.068,0.92
2006-01-09,7715.600098,1290.15,1.2773,-0.189,0.762195122,4.36,4.198,0.95
2006-01-17,7785.600098,1282.93,1.2797,0.318,0.201714574,4.53,4.316,0.93
2006-01-23,7702.700195,1263.82,1.2575,0.318,0.201714574,4.53,4.333,0.91
2006-01-30,7789.299805,1285.2,1.2873,0.318,0.201714574,4.53,4.436,0.92
2006-02-06,7839.600098,1265.02,1.3015,0.318,0.201714574,4.53,4.446,0.99
2006-02-13,7889.299805,1262.86,1.3067,-0.109,0.55359839,4.6,4.524,1.02
2006-02-21,8002.600098,1283.03,1.3072,-0.109,0.55359839,4.6,4.534,1.06
2006-02-27,7995.0,1294.12,1.3227,-0.109,0.55359839,4.6,4.586,1.09
2006-03-06,7917.200195,1278.26,1.2982,-0.109,0.55359839,4.6,4.56,1.13
2006-03-13,8035.399902,1284.13,1.3109,0.844,0.850850851,4.77,4.586,1.12
2006-03-20,8059.399902,1305.08,1.29115,0.844,0.850850851,4.77,4.617,1.16
2006-03-27,7980.899902,1301.61,1.3089,0.844,0.850850851,4.77,4.602,1.15
2006-04-03,8078.5,1297.81,1.3041,0.844,0.850850851,4.77,4.597,1.18
2006-04-10,8109.299805,1296.6,1.3024,0.844,0.850850851,4.77,4.669,1.2
2006-04-17,8007.299805,1285.33,1.2797,0.207,0.496277916,4.91,4.679,1.2
2006-04-24,8076.299805,1308.11,1.2681,0.207,0.496277916,4.91,4.726,1.22
2006-05-01,8047.299805,1305.19,1.2405,0.207,0.496277916,4.91,4.752,1.22
2006-05-08,8103.600098,1324.66,1.2286,0.207,0.496277916,4.91,4.799,1.36
2006-05-15,7853.899902,1294.5,1.2131,-0.029,0.197530864,5.07,4.799,1.33
2006-05-22,7430.200195,1262.07,1.2053,-0.029,0.197530864,5.07,4.788,1.34
2006-05-30,7533.299805,1259.84,1.2119,-0.029,0.197530864,5.07,4.798,1.35
2006-06-05,7665.100098,1265.29,1.2082,-0.029,0.197530864,5.07,4.793,1.35
2006-06-12,7332.700195,1236.4,1.2336,-0.029,0.197530864,5.07,4.871,1.41
2006-06-19,7364.0,1240.14,1.2401,-0.678,0.295712173,5.26,4.84,1.41
2006-06-26,7463.600098,1250.56,1.2421,-0.678,0.295712173,5.26,4.949,1.43
2006-07-03,7720.700195,1280.19,1.2243,-0.678,0.295712173,5.26,4.974,1.44
2006-07-10,7704.399902,1267.34,1.2297,-0.678,0.295712173,5.26,4.991,1.47
2006-07-17,7501.299805,1234.49,1.2482,0.168,0.196560197,5.23,5.037,1.46
2006-07-24,7780.299805,1260.91,1.247,0.168,0.196560197,5.23,5.058,1.46
2006-07-31,7941.799805,1276.66,1.2303,0.168,0.196560197,5.23,5.048,1.44
2006-08-07,7790.799805,1275.77,1.2268,0.168,0.196560197,5.23,5.068,1.49
2006-08-14,7925.100098,1268.21,1.2415,-0.217,-0.490436488,5.2,5.058,1.52
2006-08-21,8057.600098,1297.52,1.2261,-0.217,-0.490436488,5.2,5.068,1.57
2006-08-28,8118.600098,1301.78,1.2355,-0.217,-0.490436488,5.2,5.058,1.62
2006-09-05,8226.200195,1313.25,1.2332,-0.217,-0.490436488,5.2,4.964,1.62
2006-09-11,8094.100098,1299.54,1.2441,-0.217,-0.490436488,5.2,4.924,1.65
2006-09-18,8257.799805,1321.18,1.2502,0.337,-0.542138985,5.15,4.918,1.68
2006-09-25,8270.5,1326.37,1.2383,0.337,-0.542138985,5.15,4.907,1.67
2006-10-02,8381.200195,1331.32,1.2429,0.337,-0.542138985,5.15,4.871,1.77
2006-10-09,8548.900391,1350.66,1.2611,0.337,-0.542138985,5.15,5.002,1.8
2006-10-16,8632.099609,1369.05,1.2698,-0.039,-0.148662042,5.15,5.027,1.79
2006-10-23,8697.599609,1377.02,1.2666,-0.039,-0.148662042,5.15,5.074,1.8
2006-10-30,8652.400391,1377.93,1.2492,-0.039,-0.148662042,5.15,5.073,1.8
2006-11-06,8798.5,1379.78,1.2547,-0.039,-0.148662042,5.15,5.084,1.81
2006-11-13,8752.099609,1384.42,1.2432,0.01,0.148883375,5.13,5.074,1.81
2006-11-20,8760.0,1400.5,1.2436,0.01,0.148883375,5.13,5.048,1.86
2006-11-27,8517.299805,1381.9,1.2062,0.01,0.148883375,5.13,5.016,1.86
2006-12-04,8479.400391,1409.12,1.1933,0.01,0.148883375,5.13,4.991,1.9
2006-12-11,8594.0,1413.04,1.2013,0.01,0.148883375,5.13,4.928,1.88
2006-12-18,8824.299805,1422.48,1.2217,-0.691,0.305252725,5.17,4.892,2.0
2006-12-27,8822.200195,1426.84,1.2255,-0.691,0.305252725,5.17,4.963,2.02
2007-01-03,8920.200195,1416.6,1.225,-0.691,0.305252725,5.17,5.041,2.03
2007-01-08,8850.299805,1412.84,1.2348,-0.691,0.305252725,5.17,5.043,2.08
2007-01-16,9073.0,1431.9,1.2486,0.189,0.535036756,5.14,5.078,2.09
2007-01-22,9102.200195,1422.95,1.2492,0.189,0.535036756,5.14,5.11,2.06
2007-01-29,9110.799805,1420.62,1.2519,0.189,0.535036756,5.14,5.11,2.06
2007-02-05,9257.900391,1446.99,1.2481,0.189,0.535036756,5.14,5.115,2.16
2007-02-12,9261.599609,1433.37,1.2536,0.189,0.535036756,5.14,5.141,2.16
2007-02-20,9315.299805,1459.68,1.23555,0.079,0.910569585,5.13,5.161,2.14
2007-02-26,9223.0,1449.37,1.229,0.079,0.910569585,5.13,5.157,2.14
2007-03-05,8676.900391,1374.12,1.2206,0.079,0.910569585,5.13,5.074,2.15
2007-03-12,8899.400391,1406.6,1.2249,0.079,0.910569585,5.13,5.068,2.15
2007-03-19,8841.700195,1402.06,1.2111,1.14,0.649616269,5.18,5.006,2.18
2007-03-26,9006.0,1437.5,1.2153,1.14,0.649616269,5.18,5.043,2.19
2007-04-02,8956.299805,1424.55,1.2148,1.14,0.649616269,5.18,5.016,2.22
2007-04-10,9150.700195,1448.39,1.2174,1.14,0.649616269,5.18,4.974,2.21
2007-04-16,9269.900391,1468.47,1.2146,0.225,0.611071867,5.22,4.985,2.22
2007-04-23,9438.099609,1480.93,1.2087,0.225,0.611071867,5.22,4.954,2.24
2007-04-30,9428.299805,1482.37,1.2062,0.225,0.611071867,5.22,4.835,2.3
2007-05-07,9455.5,1509.48,1.2116,0.225,0.611071867,5.22,4.845,2.32
2007-05-14,9387.299805,1503.15,1.2186,0.117,0.193797518,5.1,4.809,2.34
2007-05-21,9405.299805,1525.1,1.2299,0.117,0.193797518,5.1,4.804,2.38
2007-05-29,9396.0,1518.11,1.225,0.117,0.193797518,5.1,4.808,2.38
2007-06-04,9487.5,1539.18,1.2227,0.117,0.193797518,5.1,4.755,2.4
2007-06-11,9223.0,1509.12,1.2381,0.117,0.193797518,5.1,4.718,2.44
2007-06-18,9365.700195,1531.05,1.2416,-0.596,-0.025437721,5.01,4.5,2.45
2007-06-25,9141.200195,1497.74,1.2279,-0.596,-0.025437721,5.01,4.703,2.62
2007-07-02,9192.599609,1519.43,1.2094,-0.596,-0.025437721,5.01,4.791,2.64
2007-07-09,9296.400391,1531.85,1.2164,-0.596,-0.025437721,5.01,4.9,2.67
2007-07-16,9299.799805,1549.52,1.2024,-0.108,-0.183390223,5.02,4.926,2.66
2007-07-23,9117.5,1541.57,1.20628,-0.108,-0.183390223,5.02,4.957,2.67
2007-07-30,8705.099609,1473.91,1.20294,-0.108,-0.183390223,5.02,4.833,2.65
2007-08-06,8639.900391,1467.67,1.192,-0.108,-0.183390223,5.02,4.807,2.67
2007-08-13,8687.5,1452.92,1.2047,0.098,0.275590741,4.64,4.527,2.69
2007-08-20,8594.299805,1445.55,1.206,0.098,0.275590741,4.64,2.464,2.84
2007-08-27,8846.200195,1466.79,1.2022,0.098,0.275590741,4.64,4.236,2.77
2007-09-04,8966.299805,1489.42,1.2099,0.098,0.275590741,4.64,4.199,2.84
2007-09-10,8612.5,1451.7,1.1884,0.098,0.275590741,4.64,3.883,2.78
2007-09-17,8685.799805,1476.65,1.1872,0.855,0.213919133,4.29,3.945,2.74
2007-09-24,8906.099609,1517.73,1.173,0.855,0.213919133,4.29,3.754,2.7
2007-10-01,9022.5,1547.04,1.1682,0.855,0.213919133,4.29,3.78,2.76
2007-10-08,9097.0,1552.58,1.1862,0.855,0.213919133,4.29,3.78,2.75
2007-10-15,9179.5,1548.71,1.1809,0.448,0.593961787,4.29,4.179,2.77
2007-10-22,8845.400391,1506.33,1.1773,0.448,0.593961787,4.29,3.79,2.71
2007-10-29,9007.299805,1540.98,1.1649,0.448,0.593961787,4.29,3.93,2.66
2007-11-05,8707.799805,1502.17,1.1529,0.448,0.593961787,4.29,3.532,2.69
2007-11-12,8442.0,1439.18,1.1294,0.448,0.593961787,4.29,3.532,2.66
2007-11-19,8270.900391,1433.27,1.1147,0.242,-0.067086313,3.69,3.351,2.66
2007-11-26,8361.200195,1407.22,1.1019,0.242,-0.067086313,3.69,3.093,2.67
2007-12-03,8706.200195,1472.42,1.127,0.242,-0.067086313,3.69,2.984,2.6
2007-12-10,8885.299805,1515.96,1.1281,0.242,-0.067086313,3.69,2.984,2.71
2007-12-17,8544.599609,1445.9,1.1494,-0.281,0.497057647,3.7,2.861,2.7
2007-12-24,8468.400391,1496.45,1.1565,-0.281,0.497057647,3.7,2.953,2.64
2007-12-31,8484.5,1468.36,1.132,-0.281,0.497057647,3.7,3.128,2.69
2008-01-07,8110.600098,1416.18,1.1178,-0.281,0.497057647,3.7,3.191,2.58
2008-01-14,8193.400391,1416.25,1.0929,0.136,0.290411218,2.66,3.077,2.57
2008-01-22,7487.899902,1310.5,1.0968,0.136,0.290411218,2.66,2.258,2.51
2008-01-28,7581.700195,1353.97,1.0896,0.136,0.290411218,2.66,2.243,2.57
2008-02-04,7751.700195,1380.82,1.088,0.136,0.290411218,2.66,2.105,2.58
2008-02-11,7347.5,1339.13,1.1022,0.136,0.290411218,2.66,2.181,2.58
2008-02-19,7462.700195,1348.78,1.0943,0.339,0.866821293,2.14,2.207,2.64
2008-02-25,7615.799805,1371.8,1.0885,0.339,0.866821293,2.14,2.161,2.65
2008-03-03,7403.899902,1331.34,1.041,0.339,0.866821293,2.14,1.612,2.66
2008-03-10,7055.0,1273.37,1.0189,0.339,0.866821293,2.14,1.31,2.69
2008-03-17,6774.299805,1276.6,0.9843,0.792,0.606477839,1.87,0.626,2.63
2008-03-25,7234.399902,1352.99,1.0087,0.792,0.606477839,1.87,0.973,2.72
2008-03-31,7224.299805,1322.7,0.9945,0.792,0.606477839,1.87,1.264,2.95
2008-04-07,7639.299805,1372.54,1.0126,0.792,0.606477839,1.87,1.392,2.86
2008-04-14,7139.5,1328.32,1.0004,0.786,0.842088603,1.81,1.065,2.83
2008-04-21,7394.899902,1388.17,1.0084,0.786,0.842088603,1.81,1.321,2.72
2008-04-28,7550.100098,1396.37,1.0342,0.786,0.842088603,1.81,1.387,2.74
2008-05-05,7658.299805,1407.49,1.0534,0.786,0.842088603,1.81,1.582,2.76
2008-05-13,7578.299805,1403.04,1.0516,0.171,1.007699693,1.96,1.957,2.59
2008-05-19,7778.899902,1426.63,1.0521,0.171,1.007699693,1.96,1.858,2.66
2008-05-27,7418.0,1385.35,1.0334,0.171,1.007699693,1.96,1.915,2.77
2008-06-02,7555.700195,1385.67,1.0368,0.171,1.007699693,1.96,1.833,2.71
2008-06-09,7325.899902,1361.76,1.0271,0.171,1.007699693,1.96,1.899,2.85
2008-06-16,7238.27002,1360.14,1.0445,-0.436,0.525101113,2.05,1.945,2.91
2008-06-23,7026.919922,1318.0,1.0446,-0.436,0.525101113,2.05,1.894,2.65
2008-06-30,6958.509766,1280.0,1.021,-0.436,0.525101113,2.05,1.72,2.76
2008-07-07,6815.72998,1252.31,1.0262,-0.436,0.525101113,2.05,1.812,2.64
2008-07-14,6675.259766,1228.3,1.0171,-0.257,-0.399156226,2.05,1.455,2.72
2008-07-21,6858.220215,1260.0,1.0178,-0.257,-0.399156226,2.05,1.424,2.62
2008-07-28,6968.930176,1234.37,1.0338,-0.257,-0.399156226,2.05,1.695,2.69
2008-08-04,7078.220215,1249.01,1.0488,-0.257,-0.399156226,2.05,1.71,2.69
2008-08-11,7337.72998,1305.32,1.0858,-0.257,-0.399156226,2.05,1.797,2.65
2008-08-18,7231.399902,1278.6,1.0969,0.105,-0.138301854,2.13,1.777,2.7
2008-08-25,7062.580078,1266.84,1.097,0.105,-0.138301854,2.13,1.68,2.66
2008-09-02,7298.589844,1277.58,1.1064,0.105,-0.138301854,2.13,1.669,2.61
2008-09-08,7177.419922,1267.79,1.1281,0.105,-0.138301854,2.13,1.695,2.63
2008-09-15,6939.109863,1192.7,1.1118,0.525,-1.010133328,1.91,0.792,2.62
2008-09-22,6887.390137,1207.09,1.0742,0.525,-1.010133328,1.91,0.904,2.61
2008-09-29,6500.129883,1106.39,1.092,0.525,-1.010133328,1.91,0.132,2.82
2008-10-06,6458.720215,1056.89,1.1483,0.525,-1.010133328,1.91,0.447,2.85
2008-10-13,5956.319824,1003.35,1.1355,-0.665,-1.915289533,1.84,0.447,3.05
2008-10-20,6216.459961,985.4,1.1507,-0.665,-1.915289533,1.84,1.093,2.81
2008-10-27,5500.939941,848.92,1.1566,-0.665,-1.915289533,1.84,0.752,3.06
2008-11-03,6233.879883,966.3,1.1768,-0.665,-1.915289533,1.84,0.452,3.02
2008-11-10,6090.620117,919.21,1.1785,-0.665,-1.915289533,1.84,0.223,2.3
2008-11-17,5646.430176,850.75,1.199,-0.497,-1.034247381,1.42,0.101,2.16
2008-11-24,5466.399902,851.81,1.1967,-0.497,-1.034247381,1.42,0.025,1.67
2008-12-01,5527.580078,816.21,1.2044,-0.497,-1.034247381,1.42,0.025,1.11
2008-12-08,5818.819824,909.7,1.2063,-0.497,-1.034247381,1.42,0.008,0.94
2008-12-15,5526.540039,868.57,1.158,-0.845,0.435241738,0.65,0.025,0.31
2008-12-22,5419.52002,871.63,1.0937,-0.845,0.435241738,0.65,0.015,0.99
2008-12-29,5464.959961,869.42,1.0574,-0.845,0.435241738,0.65,0.02,0.97
2009-01-05,5756.089844,927.45,1.1086,-0.845,0.435241738,0.65,0.091,0.4
2009-01-12,5591.790039,870.26,1.1149,-0.845,0.435241738,0.65,0.066,0.7
2009-01-20,5321.0,805.22,1.147,0.233,0.497293304,0.61,0.117,0.79
2009-01-26,5417.069824,836.57,1.1382,0.233,0.497293304,0.61,0.117,0.96
2009-02-02,5166.959961,825.44,1.162,0.233,0.497293304,0.61,0.264,0.92
2009-02-09,5158.5,869.89,1.1672,0.233,0.497293304,0.61,0.284,0.85
2009-02-17,4941.310059,789.17,1.1683,-0.319,0.243174846,0.88,0.299,0.58
2009-02-23,4797.120117,743.33,1.1707,-0.319,0.243174846,0.88,0.279,0.56
2009-03-02,4438.27002,700.82,1.1757,-0.319,0.243174846,0.88,0.243,0.44
2009-03-09,4307.669922,676.53,1.1583,-0.319,0.243174846,0.88,0.213,0.71
2009-03-16,4816.430176,753.89,1.1845,0.882,0.249636828,0.75,0.233,0.78
2009-03-23,4931.069824,822.92,1.1255,0.882,0.249636828,0.75,0.208,0.38
2009-03-30,4745.759766,787.53,1.1509,0.882,0.249636828,0.75,0.142,0.72
2009-04-06,5002.080078,835.48,1.1366,0.882,0.249636828,0.75,0.193,0.57
2009-04-14,5099.319824,841.5,1.1367,0.154,0.288876383,0.43,0.177,0.59
2009-04-20,5065.180176,832.39,1.1688,0.154,0.288876383,0.43,0.132,0.5
2009-04-27,5175.970215,857.51,1.1567,0.154,0.288876383,0.43,0.096,0.38
2009-05-04,5318.339844,907.24,1.126,0.154,0.288876383,0.43,0.188,0.58
2009-05-11,5358.939941,909.24,1.1088,0.154,0.288876383,0.43,0.17,0.46
2009-05-18,5435.120117,909.71,1.1142,0.182,0.858989226,0.21,0.172,0.54
2009-05-26,5431.27002,910.33,1.0834,0.182,0.858989226,0.21,0.177,0.52
2009-06-02,5432.220215,944.74,1.0613,0.182,0.858989226,0.21,0.134,0.51
2009-06-08,5391.720215,939.14,1.091,0.182,0.858989226,0.21,0.18,0.35
2009-06-15,5400.149902,923.72,1.0927,-0.661,-0.158558692,0.02,0.162,0.35
2009-06-22,5310.370117,893.04,1.0862,-0.661,-0.158558692,0.02,0.193,0.32
2009-06-29,5443.450195,927.23,1.0827,-0.661,-0.158558692,0.02,0.183,0.33
2009-07-06,5354.149902,898.72,1.0848,-0.661,-0.158558692,0.02,0.162,0.31
2009-07-13,5315.290039,901.05,1.082,0.106,0.224285004,-0.12,0.183,0.3
2009-07-20,5627.930176,951.13,1.069,0.106,0.224285004,-0.12,0.172,0.24
2009-07-27,5774.890137,982.18,1.0699,0.106,0.224285004,-0.12,0.193,0.23
2009-08-03,5967.430176,1002.63,1.0595,0.106,0.224285004,-0.12,0.193,0.35
2009-08-10,6007.549805,1007.1,1.0855,0.106,0.224285004,-0.12,0.167,0.35
2009-08-17,5883.700195,979.73,1.0762,-0.01,0.062548069,-0.28,0.177,0.35
2009-08-24,6194.390137,1025.57,1.0618,-0.01,0.062548069,-0.28,0.162,0.22
2009-08-31,6217.120117,1020.62,1.0581,-0.01,0.062548069,-0.28,0.142,0.27
2009-09-08,6194.720215,1025.39,1.0456,-0.01,0.062548069,-0.28,0.134,0.24
2009-09-14,6225.640137,1049.34,1.0323,0.617,0.096310119,-0.41,0.137,0.18
2009-09-21,6306.22998,1064.66,1.0318,0.617,0.096310119,-0.41,0.094,0.14
2009-09-28,6289.27002,1062.98,1.0324,0.617,0.096310119,-0.41,0.099,0.22
2009-10-05,6162.899902,1040.46,1.0312,0.617,0.096310119,-0.41,0.096,0.22
2009-10-12,6377.779785,1076.19,1.0256,0.617,0.096310119,-0.41,0.096,0.2
2009-10-19,6436.370117,1097.91,1.0114,0.201,0.070775337,-0.47,0.068,0.24
2009-10-26,6303.350098,1066.95,1.0188,0.201,0.070775337,-0.47,0.056,0.18
2009-11-02,6291.220215,1042.88,1.0219,0.201,0.070775337,-0.47,0.051,0.22
2009-11-09,6385.140137,1093.08,1.0072,0.201,0.070775337,-0.47,0.053,0.17
2009-11-16,6422.810059,1109.3,1.007,-0.248,-0.176119817,-0.61,0.058,0.17
2009-11-23,6410.240234,1106.24,1.0098,-0.248,-0.176119817,-0.61,0.025,0.14
2009-11-30,6260.950195,1095.63,1.0031,-0.248,-0.176119817,-0.61,0.056,0.15
2009-12-07,6470.609863,1103.25,1.0184,-0.248,-0.176119817,-0.61,0.023,0.17
2009-12-14,6433.089844,1114.11,1.0314,-0.105,0.341747357,-0.15,0.03,0.15
2009-12-21,6504.439941,1114.05,1.0454,-0.105,0.341747357,-0.15,0.051,0.14
2009-12-28,6591.009766,1127.78,1.0354,-0.105,0.341747357,-0.15,0.063,0.15
2010-01-04,6631.439941,1132.99,1.0291,-0.105,0.341747357,-0.15,0.063,0.17
2010-01-11,6592.259766,1146.98,1.0167,-0.105,0.341747357,-0.15,0.033,0.15
2010-01-19,6633.859863,1150.23,1.0326,0.144,0.024920738,-0.45,0.058,0.18
2010-01-25,6451.299805,1096.78,1.04,0.144,0.024920738,-0.45,0.051,0.17
2010-02-01,6496.330078,1089.19,1.0564,0.144,0.024920738,-0.45,0.091,0.15
2010-02-08,6347.140137,1056.74,1.0728,0.144,0.024920738,-0.45,0.099,0.13
2010-02-16,6497.660156,1094.87,1.0658,0.134,0.410628354,-0.54,0.094,0.14
2010-02-22,6687.410156,1108.01,1.0755,0.134,0.410628354,-0.54,0.094,0.13
2010-03-01,6791.47998,1115.71,1.079,0.134,0.410628354,-0.54,0.127,0.16
2010-03-08,6851.200195,1138.5,1.074,0.134,0.410628354,-0.54,0.152,0.15
2010-03-15,6825.100098,1150.51,1.0615,0.861,0.173688491,-0.48,0.152,0.16
2010-03-22,6866.430176,1165.81,1.05757,0.861,0.173688491,-0.48,0.142,0.14
2010-03-29,6850.580078,1173.22,1.0624,0.861,0.173688491,-0.48,0.132,0.15
2010-04-06,6886.209961,1189.44,1.06864,0.861,0.173688491,-0.48,0.172,0.18
2010-04-12,6910.959961,1196.48,1.0594,0.861,0.173688491,-0.48,0.142,0.14
2010-04-19,6803.680176,1197.52,1.0629,-0.104,0.077519735,-0.47,0.152,0.04
2010-04-26,6803.740234,1212.05,1.07111,-0.104,0.077519735,-0.47,0.157,0.15
2010-05-03,6607.709961,1202.26,1.0854,-0.104,0.077519735,-0.47,0.167,0.08
2010-05-10,6481.950195,1159.73,1.1095,-0.104,0.077519735,-0.47,0.152,0.07
2010-05-17,6428.859863,1136.94,1.13169,-0.437,-0.097626708,-0.48,0.157,0.1
2010-05-25,6091.549805,1074.03,1.1572,-0.437,-0.097626708,-0.48,0.167,0.01
2010-06-01,6316.600098,1070.71,1.1555,-0.437,-0.097626708,-0.48,0.152,0.11
2010-06-07,6291.040039,1050.47,1.1627,-0.437,-0.097626708,-0.48,0.117,0.07
2010-06-14,6472.120117,1089.63,1.14276,-0.734,0.021104306,-0.54,0.061,0.13
2010-06-21,6519.569824,1113.2,1.1105,-0.734,0.021104306,-0.54,0.114,0.22
2010-06-28,6311.149902,1074.57,1.0871,-0.734,0.021104306,-0.54,0.142,0.18
2010-07-06,6063.120117,1028.06,1.0597,-0.734,0.021104306,-0.54,0.167,0.13
2010-07-12,6228.310059,1078.75,1.06106,-0.734,0.021104306,-0.54,0.152,0.24
2010-07-19,6156.640137,1071.25,1.055,-0.01,0.138066428,-0.59,0.152,0.21
2010-07-26,6199.459961,1115.01,1.04851,-0.01,0.138066428,-0.59,0.155,0.28
2010-08-02,6321.640137,1125.86,1.0392,-0.01,0.138066428,-0.59,0.147,0.27
2010-08-09,6391.740234,1127.79,1.0379,-0.01,0.138066428,-0.59,0.145,0.27
2010-08-16,6285.660156,1079.38,1.05034,-0.029,0.058173623,-0.7,0.157,0.27
2010-08-23,6209.450195,1067.36,1.03521,-0.029,0.058173623,-0.7,0.157,0.32
2010-08-30,6205.240234,1048.92,1.0286,-0.029,0.058173623,-0.7,0.137,0.1
2010-09-07,6360.200195,1091.84,1.0103,-0.029,0.058173623,-0.7,0.132,0.26
2010-09-13,6471.77002,1121.9,1.01964,0.538,0.124519889,-0.8,0.145,0.31
2010-09-20,6461.97998,1142.71,1.00945,0.538,0.124519889,-0.8,0.157,0.25
2010-09-27,6338.890137,1142.16,0.98457,0.538,0.124519889,-0.8,0.137,0.32
2010-10-04,6248.799805,1137.03,0.976,0.538,0.124519889,-0.8,0.155,0.14
2010-10-11,6386.180176,1165.32,0.96158,0.538,0.124519889,-0.8,0.155,0.24
2010-10-18,6470.259766,1184.71,0.95841,0.239,0.042064642,-1.0,0.142,0.16
2010-10-25,6513.629883,1185.62,0.97749,0.239,0.042064642,-1.0,0.122,0.25
2010-11-01,6504.720215,1184.38,0.9821,0.239,0.042064642,-1.0,0.114,0.09
2010-11-08,6600.359863,1223.25,0.9604,0.239,0.042064642,-1.0,0.124,0.18
2010-11-15,6526.22998,1197.75,0.9791,0.038,0.171844079,-0.96,0.134,0.25
2010-11-22,6532.640137,1197.84,0.99222,0.038,0.171844079,-0.96,0.132,0.3
2010-11-29,6397.5,1187.76,1.0028,0.038,0.171844079,-0.96,0.162,0.36
2010-12-06,6412.220215,1223.12,0.9748,0.038,0.171844079,-0.96,0.129,0.32
2010-12-13,6519.080078,1240.46,0.9818,-0.353,0.476323005,-0.88,0.127,0.35
2010-12-20,6521.25,1247.08,0.9698,-0.353,0.476323005,-0.88,0.106,0.29
2010-12-27,6568.209961,1257.54,0.9634,-0.353,0.476323005,-0.88,0.134,0.26
2011-01-03,6493.879883,1271.87,0.932,-0.353,0.476323005,-0.88,0.124,0.44
2011-01-10,6446.319824,1269.75,0.9666,-0.353,0.476323005,-0.88,0.142,0.35
2011-01-18,6634.930176,1295.02,0.9646,0.373,0.493136503,-1.01,0.152,0.3
2011-01-24,6603.799805,1290.84,0.9582,0.373,0.493136503,-1.01,0.157,0.27
2011-01-31,6479.149902,1286.12,0.9418,0.373,0.493136503,-1.01,0.152,0.21
2011-02-07,6611.140137,1319.05,0.95438,0.373,0.493136503,-1.01,0.15,0.23
2011-02-14,6666.060059,1332.32,0.97367,0.629,0.975107203,-1.09,0.117,0.25
2011-02-22,6622.490234,1315.44,0.9459,0.629,0.975107203,-1.09,0.112,0.24
2011-02-28,6610.439941,1327.22,0.928,0.629,0.975107203,-1.09,0.142,0.23
2011-03-07,6495.52002,1310.13,0.9261,0.629,0.975107203,-1.09,0.112,0.24
2011-03-14,6274.470215,1296.39,0.92832,0.114,0.643942954,-0.99,0.084,0.24
2011-03-21,6223.910156,1298.38,0.90359,0.114,0.643942954,-0.99,0.076,0.24
2011-03-28,6359.02002,1310.19,0.9219,0.114,0.643942954,-0.99,0.086,0.23
2011-04-04,6414.600098,1332.87,0.92539,0.114,0.643942954,-0.99,0.041,0.16
2011-04-11,6440.109863,1324.46,0.9088,0.114,0.643942954,-0.99,0.041,0.23
2011-04-18,6244.950195,1305.14,0.8926,0.009,0.470418753,-1.07,0.061,0.11
2011-04-26,6476.589844,1347.24,0.8809,0.009,0.470418753,-1.07,0.066,0.1
2011-05-02,6544.669922,1361.22,0.86529,0.009,0.470418753,-1.07,0.035,0.11
2011-05-09,6476.890137,1346.29,0.87831,0.009,0.470418753,-1.07,0.01,0.17
2011-05-16,6564.149902,1329.47,0.8931,-0.246,-0.107096706,-1.14,0.025,0.21
2011-05-23,6437.819824,1317.37,0.8781,-0.246,-0.107096706,-1.14,0.051,0.22
2011-05-31,6554.709961,1345.2,0.8507,-0.246,-0.107096706,-1.14,0.053,0.21
2011-06-06,6370.060059,1286.17,0.8341,-0.246,-0.107096706,-1.14,0.03,0.15
2011-06-14,6255.680176,1287.87,0.8368,-0.825,0.088604567,-1.12,0.053,0.15
2011-06-20,6113.700195,1278.36,0.849,-0.825,0.088604567,-1.12,0.023,0.13
2011-06-27,5990.819824,1280.1,0.83458,-0.825,0.088604567,-1.12,0.02,0.17
2011-07-05,6243.009766,1337.88,0.84717,-0.825,0.088604567,-1.12,0.005,0.12
2011-07-11,6053.0,1319.49,0.8368,-0.825,0.088604567,-1.12,0.02,0.22
2011-07-18,5826.259766,1305.44,0.81078,-0.287,0.27575889,-1.19,0.01,0.17
2011-07-25,6017.490234,1337.43,0.8135,-0.287,0.27575889,-1.19,0.041,0.18
2011-08-02,5546.939941,1254.05,0.7848,-0.287,0.27575889,-1.19,0.064,0.07
2011-08-08,4967.990234,1119.46,0.76137,-0.287,0.27575889,-1.19,0.025,0.07
2011-08-15,5324.72998,1204.49,0.7827,0.268,0.151846212,-1.38,0.008,0.21
2011-08-22,5144.02002,1123.82,0.7876,0.268,0.151846212,-1.38,0.003,0.01
2011-08-29,5446.470215,1210.08,0.80795,0.268,0.151846212,-1.38,0.008,0.01
2011-09-06,5367.240234,1165.24,0.7855,0.268,0.151846212,-1.38,0.02,-0.13
2011-09-12,5303.140137,1162.27,0.8868,0.268,0.151846212,-1.38,0.01,0.02
2011-09-19,5360.560059,1204.09,0.88,-0.067,-0.206268263,-1.4,0.008,0.14
2011-09-26,5401.009766,1162.95,0.9035,-0.067,-0.206268263,-1.4,0.008,0.31
2011-10-03,5495.689941,1099.23,0.9094,-0.067,-0.206268263,-1.4,0.008,0.19
2011-10-10,5718.560059,1194.89,0.9263,-0.067,-0.206268263,-1.4,0.01,0.15
2011-10-17,5723.410156,1200.86,0.8916,-0.172,-0.084356133,-1.44,0.025,0.07
2011-10-24,5788.629883,1254.19,0.8837,-0.172,-0.084356133,-1.44,0.01,0.15
2011-10-31,5731.27002,1253.3,0.8623,-0.172,-0.084356133,-1.44,-0.01,-0.01
2011-11-07,5645.959961,1261.12,0.8911,-0.172,-0.084356133,-1.44,0.005,0.4
2011-11-14,5661.709961,1251.78,0.8992,-0.153,-0.246651638,-1.48,0.01,0.18
2011-11-21,5477.259766,1192.98,0.91615,-0.153,-0.246651638,-1.48,0.01,0.17
2011-11-28,5522.660156,1192.55,0.9277,-0.153,-0.246651638,-1.48,0.03,0.03
2011-12-05,5739.859863,1257.08,0.92013,-0.153,-0.246651638,-1.48,0.01,0.1
2011-12-12,5747.089844,1236.47,0.92552,-0.153,-0.246651638,-1.48,0.01,0.1
2011-12-19,5767.97998,1205.35,0.9363,-0.432,0.440019143,-1.47,0.005,0.1
2011-12-27,5886.910156,1265.43,0.9366,-0.432,0.440019143,-1.47,0.023,0.1
2012-01-03,6050.930176,1277.06,0.9394,-0.432,0.440019143,-1.47,0.02,0.68
2012-01-09,5987.540039,1280.7,0.9585,-0.432,0.440019143,-1.47,0.013,0.1
2012-01-17,6056.169922,1293.67,0.9554,0.28,0.440297355,-1.54,0.03,0.01
2012-01-23,6127.669922,1316.0,0.93695,0.28,0.440297355,-1.54,0.041,0.01
2012-01-30,5970.740234,1313.01,0.9131,0.28,0.440297355,-1.54,0.056,-0.03
2012-02-06,6147.029785,1344.33,0.9191,0.28,0.440297355,-1.54,0.086,0.1
2012-02-13,6177.439941,1351.77,0.9138,0.558,0.759455862,-1.45,0.102,0.03
2012-02-21,6237.819824,1362.21,0.9136,0.558,0.759455862,-1.45,0.091,0.01
2012-02-27,6143.919922,1367.59,0.8942,0.558,0.759455862,-1.45,0.117,0.01
2012-03-05,6153.910156,1364.33,0.9147,0.558,0.759455862,-1.45,0.081,-0.05
2012-03-12,6189.859863,1371.09,0.9188,0.558,0.759455862,-1.45,0.086,0.01
2012-03-19,6326.560059,1409.75,0.9155,0.076,0.30210295,-1.27,0.097,0.01
2012-03-26,6283.259766,1416.51,0.9072,0.076,0.30210295,-1.27,0.147,0.03
2012-04-02,6299.379883,1419.04,0.9012,0.076,0.30210295,-1.27,0.079,0.01
2012-04-10,6061.430176,1358.59,0.917,0.076,0.30210295,-1.27,0.086,0.1
2012-04-16,6124.910156,1369.57,0.9216,-0.019,-0.117347937,-1.26,0.081,0.16
2012-04-23,6114.830078,1366.94,0.90968,-0.019,-0.117347937,-1.26,0.081,0.01
2012-04-30,6096.339844,1397.91,0.9071,-0.019,-0.117347937,-1.26,0.097,-0.05
2012-05-07,6040.180176,1369.58,0.92621,-0.019,-0.117347937,-1.26,0.097,0.01
2012-05-14,5875.660156,1338.35,0.9311,-0.277,-0.146639688,-1.24,0.099,0.01
2012-05-21,5814.589844,1315.99,0.9404,-0.277,-0.146639688,-1.24,0.086,0.01
2012-05-29,5914.72998,1332.42,0.9597,-0.277,-0.146639688,-1.24,0.086,-0.08
2012-06-04,5713.339844,1278.18,0.96856,-0.277,-0.146639688,-1.24,0.081,-0.05
2012-06-11,5871.350098,1308.93,0.9497,-0.277,-0.146639688,-1.24,0.091,-0.07
2012-06-18,5938.759766,1344.78,0.94541,-0.479,-0.162978586,-1.11,0.097,-0.07
2012-06-25,5944.47998,1313.72,0.9578,-0.479,-0.162978586,-1.11,0.096,-0.07
2012-07-02,6109.410156,1365.51,0.9496,-0.479,-0.162978586,-1.11,0.101,-0.07
2012-07-09,6160.779785,1352.46,0.9788,-0.479,-0.162978586,-1.11,0.091,-0.07
2012-07-16,6195.609863,1353.64,0.9804,-0.039,0.556515818,-1.18,0.102,-0.05
2012-07-23,6180.439941,1350.52,0.9903,-0.039,0.556515818,-1.18,0.101,-0.07
2012-07-30,6402.379883,1385.3,0.9761,-0.039,0.556515818,-1.18,0.112,-0.17
2012-08-06,6463.009766,1394.23,0.9668,-0.039,0.556515818,-1.18,0.101,-0.19
2012-08-13,6466.180176,1404.11,0.97816,0.318,0.446221227,-1.26,0.112,-0.2
2012-08-20,6506.25,1418.13,0.9739,0.318,0.446221227,-1.26,0.106,-0.1
2012-08-27,6491.279785,1410.44,0.96037,0.318,0.446221227,-1.26,0.106,-0.1
2012-09-04,6362.819824,1404.94,0.9539,0.318,0.446221227,-1.26,0.101,-0.2
2012-09-10,6507.870117,1429.08,0.9454,0.318,0.446221227,-1.26,0.104,0.02
2012-09-17,6552.319824,1461.19,0.92634,0.125,-0.038892514,-1.36,0.106,-0.2
2012-09-24,6597.220215,1456.89,0.9331,0.125,-0.038892514,-1.36,0.112,-0.17
2012-10-01,6610.910156,1444.49,0.9435,0.125,-0.038892514,-1.36,0.086,-0.2
2012-10-08,6655.77002,1455.88,0.93099,0.125,-0.038892514,-1.36,0.101,-0.2
2012-10-15,6704.209961,1440.13,0.9347,-0.326,-0.473808669,-1.34,0.112,-0.2
2012-10-22,6746.709961,1433.82,0.92794,-0.326,-0.473808669,-1.34,0.106,-0.19
2012-10-31,6595.129883,1412.16,0.93226,-0.326,-0.473808669,-1.34,0.114,-0.2
2012-11-05,6706.27002,1417.26,0.9409,-0.326,-0.473808669,-1.34,0.107,-0.2
2012-11-12,6696.669922,1380.03,0.9477,-0.326,-0.473808669,-1.34,0.094,-0.2
2012-11-19,6638.890137,1386.89,0.9444,-0.221,-0.269306449,-1.42,0.091,-0.2
2012-11-26,6681.879883,1406.29,0.92838,-0.221,-0.269306449,-1.42,0.101,-0.1
2012-12-03,6838.700195,1409.46,0.9272,-0.221,-0.269306449,-1.42,0.096,-0.1
2012-12-10,6943.899902,1418.55,0.93587,-0.221,-0.269306449,-1.42,0.091,-0.1
2012-12-17,6897.100098,1430.36,0.9181,-0.26,0.295730419,-1.43,0.041,0.1
2012-12-27,6862.549805,1418.1,0.9131,-0.26,0.295730419,-1.43,0.076,-0.2
2013-01-03,7020.459961,1459.37,0.91778,-0.26,0.295730419,-1.43,0.071,-0.2
2013-01-07,7049.299805,1461.89,0.92453,-0.26,0.295730419,-1.43,0.068,-0.2
2013-01-14,7202.52002,1470.68,0.9139,0.3,0.819002953,-1.36,0.076,-0.2
2013-01-22,7291.850098,1492.56,0.93433,0.3,0.819002953,-1.36,0.076,-0.15
2013-01-28,7483.950195,1500.18,0.92687,0.3,0.819002953,-1.36,0.076,-0.3
2013-02-04,7362.720215,1495.71,0.9082,0.3,0.819002953,-1.36,0.071,-0.15
2013-02-11,7407.600098,1517.01,0.9172,0.3,0.819002953,-1.36,0.089,-0.13
2013-02-19,7579.5,1530.94,0.92323,0.212,0.261450858,-1.42,0.119,-0.12
2013-02-25,7594.350098,1487.85,0.9304,0.212,0.261450858,-1.42,0.122,-0.12
2013-03-04,7590.52002,1525.2,0.94202,0.212,0.261450858,-1.42,0.091,-0.03
2013-03-11,7758.649902,1556.22,0.9523,0.212,0.261450858,-1.42,0.101,-0.14
2013-03-18,7830.370117,1552.1,0.9454,0.038,-0.103963948,-1.44,0.086,-0.14
2013-03-25,7758.220215,1551.69,0.9385,0.038,-0.103963948,-1.44,0.076,-0.13
2013-04-02,7899.299805,1570.25,0.9463,0.038,-0.103963948,-1.44,0.076,-0.17
2013-04-08,7691.839844,1563.07,0.9339,0.038,-0.103963948,-1.44,0.066,-0.13
2013-04-15,7754.72998,1552.36,0.92835,0.106,0.178040777,-1.52,0.063,-0.14
2013-04-22,7609.100098,1562.5,0.93334,0.106,0.178040777,-1.52,0.053,-0.12
2013-04-29,7901.72998,1593.61,0.94203,0.106,0.178040777,-1.52,0.051,-0.11
2013-05-06,7927.339844,1617.5,0.93517,0.106,0.178040777,-1.52,0.043,-0.13
2013-05-13,8147.680176,1633.77,0.9587,0.106,0.239970809,-1.27,0.048,-0.13
2013-05-21,8318.419922,1669.16,0.9667,0.106,0.239970809,-1.27,0.046,-0.12
2013-05-28,8221.219727,1660.06,0.9628,0.106,0.239970809,-1.27,0.048,-0.11
2013-06-03,7780.97998,1640.42,0.957,0.106,0.239970809,-1.27,0.048,-0.14
2013-06-10,7790.549805,1642.81,0.93711,0.106,0.239970809,-1.27,0.046,-0.15
2013-06-17,7729.709961,1639.04,0.9217,-0.365,0.039399753,-0.97,0.046,-0.16
2013-06-24,7249.470215,1573.09,0.9364,-0.365,0.039399753,-0.97,0.061,-0.08
2013-07-01,7741.069824,1614.96,0.9451,-0.365,0.039399753,-0.97,0.041,-0.13
2013-07-08,7863.47998,1640.46,0.9653,-0.365,0.039399753,-0.97,0.046,-0.13
2013-07-15,7999.149902,1682.5,0.9466,-0.067,0.120293156,-1.52,0.041,-0.13
2013-07-22,7927.450195,1695.53,0.9394,-0.067,0.120293156,-1.52,0.035,-0.13
2013-07-29,7814.109863,1685.33,0.92802,-0.067,0.120293156,-1.52,0.03,-0.15
2013-08-05,7979.399902,1707.14,0.9292,-0.067,0.120293156,-1.52,0.046,-0.14
2013-08-12,8000.600098,1689.47,0.922,-0.067,0.120293156,-1.52,0.058,-0.14
2013-08-19,7939.419922,1646.06,0.9271,0.299,0.116300449,-1.67,0.056,-0.13
2013-08-26,8022.200195,1656.78,0.92101,0.299,0.116300449,-1.67,0.041,-0.13
2013-09-03,7866.22998,1639.77,0.9347,0.299,0.116300449,-1.67,0.025,-0.13
2013-09-09,7935.759766,1671.71,0.93871,0.299,0.116300449,-1.67,0.025,-0.14
2013-09-16,8029.379883,1697.6,0.9251,-0.077,-0.257528326,-1.8,0.01,-0.12
2013-09-23,8057.040039,1701.84,0.91052,-0.077,-0.257528326,-1.8,0.02,-0.18
2013-09-30,8022.600098,1681.55,0.9052,-0.077,-0.257528326,-1.8,0.015,-0.2
2013-10-07,7887.859863,1676.12,0.9053,-0.077,-0.257528326,-1.8,0.035,-0.15
2013-10-14,7928.490234,1710.14,0.90986,0.01,-0.204242419,-1.85,0.071,-0.15
2013-10-21,8124.080078,1744.66,0.90215,0.01,-0.204242419,-1.85,0.041,-0.15
2013-10-28,8291.099609,1762.11,0.8925,0.01,-0.204242419,-1.85,0.043,-0.15
2013-11-04,8185.689941,1767.93,0.9124,0.01,-0.204242419,-1.85,0.051,-0.07
2013-11-11,8280.200195,1771.89,0.92287,0.01,-0.204242419,-1.85,0.0634,-0.07
2013-11-18,8351.379883,1791.53,0.91542,-0.231,-0.00858115,-2.0,0.086,-0.15
2013-11-25,8304.049805,1802.48,0.90695,-0.231,-0.00858115,-2.0,0.076,-0.07
2013-12-02,8257.320313,1800.9,0.90638,-0.231,-0.00858115,-2.0,0.061,-0.15
2013-12-09,8056.330078,1808.37,0.89221,-0.231,-0.00858115,-2.0,0.071,-0.15
2013-12-16,7856.27002,1786.54,0.8896,-0.27,0.372024767,-2.13,0.071,-0.15
2013-12-23,8107.100098,1827.99,0.89535,-0.27,0.372024767,-2.13,0.076,-0.17
2013-12-30,8202.980469,1841.07,0.8914,-0.27,0.372024767,-2.13,0.071,-0.17
2014-01-06,8272.230469,1826.77,0.90503,-0.27,0.372024767,-2.13,0.056,-0.1
2014-01-13,8412.889648,1819.2,0.902,0.097,0.369790865,-2.38,0.038,-0.14
2014-01-21,8486.370117,1843.8,0.91086,0.097,0.369790865,-2.38,0.035,-0.15
2014-01-27,8132.160156,1781.56,0.8938,0.097,0.369790865,-2.38,0.053,-0.1
2014-02-03,8107.02002,1741.89,0.90649,0.097,0.369790865,-2.38,0.053,-0.12
2014-02-10,8324.849609,1799.84,0.8988,0.097,0.369790865,-2.38,0.068,-0.15
2014-02-18,8419.919922,1840.76,0.8917,0.367,0.644004413,-2.54,0.053,-0.15
2014-02-24,8485.480469,1847.61,0.8873,0.367,0.644004413,-2.54,0.048,-0.15
2014-03-03,8281.009766,1845.73,0.8796,0.367,0.644004413,-2.54,0.051,-0.15
2014-03-10,8367.549805,1877.17,0.8776,0.367,0.644004413,-2.54,0.056,-0.1
2014-03-17,8161.779785,1858.83,0.87225,0.067,0.329675445,-2.62,0.051,-0.12
2014-03-24,8198.019531,1857.44,0.88215,0.067,0.329675445,-2.62,0.048,-0.15
2014-03-31,8453.820313,1872.34,0.8868,0.067,0.329675445,-2.62,0.046,-0.16
2014-04-07,8405.099609,1845.04,0.8916,0.067,0.329675445,-2.62,0.03,-0.12
2014-04-14,8312.900391,1830.61,0.8769,0.288,0.349260984,-2.89,0.035,-0.13
2014-04-22,8461.299805,1879.55,0.88521,0.288,0.349260984,-2.89,0.03,-0.12
2014-04-28,8384.860352,1869.43,0.8807,0.288,0.349260984,-2.89,0.023,-0.15
2014-05-05,8409.070313,1884.66,0.8776,0.288,0.349260984,-2.89,0.028,-0.15
2014-05-12,8545.120117,1896.65,0.8866,0.288,0.349260984,-2.89,0.03,-0.17
2014-05-19,8646.019531,1885.08,0.89196,-0.067,0.186212694,-2.99,0.025,-0.17
2014-05-27,8710.379883,1911.91,0.89466,-0.067,0.186212694,-2.99,0.035,-0.05
2014-06-02,8688.959961,1924.97,0.89549,-0.067,0.186212694,-2.99,0.035,-0.17
2014-06-10,8752.860352,1950.79,0.89701,-0.067,0.186212694,-2.99,0.035,-0.1
2014-06-16,8663.589844,1937.78,0.9002,-0.374,-0.039019396,-2.89,0.041,-0.05
2014-06-23,8644.570313,1962.61,0.89553,-0.374,-0.039019396,-2.89,0.025,-0.13
2014-06-30,8554.519531,1960.23,0.891,-0.374,-0.039019396,-2.89,0.046,-0.1
2014-07-07,8612.769531,1977.65,0.8948,-0.374,-0.039019396,-2.89,0.033,-0.11
2014-07-14,8565.669922,1977.1,0.89251,-0.038,-0.167051417,-2.84,0.025,-0.11
2014-07-21,8513.959961,1973.63,0.89787,-0.038,-0.167051417,-2.84,0.028,-0.12
2014-07-28,8530.089844,1978.91,0.90474,-0.038,-0.167051417,-2.84,0.028,-0.12
2014-08-04,8304.040039,1938.99,0.90605,-0.038,-0.167051417,-2.84,0.02,-0.07
2014-08-11,8329.860352,1936.92,0.90578,-0.038,-0.167051417,-2.84,0.03,-0.12
2014-08-18,8453.589844,1971.74,0.90342,0.144,0.075256882,-2.89,0.028,-0.05
2014-08-25,8611.580078,1997.92,0.91661,0.144,0.075256882,-2.89,0.02,-0.07
2014-09-02,8757.320313,2002.28,0.9193,0.144,0.075256882,-2.89,0.025,-0.07
2014-09-08,8817.19043,2001.54,0.9311,0.144,0.075256882,-2.89,0.025,-0.08
2014-09-15,8796.410156,1984.13,0.93372,0.0,-0.251227781,-2.81,0.015,-0.14
2014-09-22,8817.519531,1994.29,0.94017,0.0,-0.251227781,-2.81,0.005,-0.15
2014-09-29,8776.730469,1977.8,0.952,0.0,-0.251227781,-2.81,0.013,-0.15
2014-10-06,8723.040039,1964.82,0.96776,0.0,-0.251227781,-2.81,0.015,-0.15
2014-10-13,8342.070313,1874.74,0.95618,-0.038,-0.539941794,-2.8,0.0101,-0.1
2014-10-20,8283.30957,1904.01,0.9469,-0.038,-0.539941794,-2.8,0.025,-0.1
2014-10-27,8520.480469,1961.63,0.95165,-0.038,-0.539941794,-2.8,0.01,-0.08
2014-11-03,8751.669922,2017.81,0.9644,-0.038,-0.539941794,-2.8,0.008,-0.1
2014-11-10,8867.530273,2038.26,0.96532,-0.038,-0.539941794,-2.8,0.02,-0.1
2014-11-17,8927.049805,2041.32,0.95958,-0.5,-0.567010091,-2.77,0.015,-0.14
2014-11-24,9058.509766,2069.41,0.9716,-0.5,-0.567010091,-2.77,0.013,-0.14
2014-12-01,9146.179688,2053.44,0.9677,-0.5,-0.567010091,-2.77,0.015,-0.12
2014-12-08,9181.240234,2060.31,0.9782,-0.5,-0.567010091,-2.77,0.013,-0.1
2014-12-15,8712.820313,1989.63,0.96378,-0.425,-0.470589237,-2.42,0.018,-0.16
2014-12-22,9033.450195,2078.54,0.9842,-0.425,-0.470589237,-2.42,0.023,-0.4
2014-12-29,9034.549805,2090.57,0.9883,-0.425,-0.470589237,-2.42,0.013,-0.45
2015-01-05,8938.849609,2020.58,1.0058,-0.425,-0.470589237,-2.42,0.008,-0.35
2015-01-12,9152.969727,2028.26,1.01182,-0.425,-0.470589237,-2.42,0.018,-0.35
2015-01-20,8178.899902,2022.55,0.87967,-0.262,0.434304492,-2.27,0.015,-1.53
2015-01-26,8296.450195,2057.09,0.8811,-0.262,0.434304492,-2.27,0.01,-1.5
2015-02-02,8429.200195,2020.85,0.9213,-0.262,0.434304492,-2.27,0.01,-1.55
2015-02-09,8632.139648,2046.74,0.9263,-0.262,0.434304492,-2.27,0.01,-1.5
2015-02-17,8747.830078,2100.34,0.93247,0.331,0.595172161,-1.97,0.013,-1.45
2015-02-23,8977.69043,2109.66,0.9406,0.331,0.595172161,-1.97,0.02,-1.25
2015-03-02,9055.69043,2117.39,0.9543,0.331,0.595172161,-1.97,0.013,-1.1
2015-03-09,9046.879883,2079.43,0.9845,0.331,0.595172161,-1.97,0.01,-0.95
2015-03-16,9237.080078,2081.19,1.00665,-0.184,0.203287325,-1.81,0.036,-1.04
2015-03-23,9366.200195,2104.42,0.9775,-0.184,0.203287325,-1.81,0.005,-1.1
2015-03-30,9202.179688,2086.24,0.96122,-0.184,0.203287325,-1.81,0.028,-1.1
2015-04-07,9260.75,2076.33,0.95795,-0.184,0.203287325,-1.81,0.025,-1.1
2015-04-13,9430.25,2092.43,0.97908,0.233,0.509723203,-1.59,0.013,-1.1
2015-04-20,9243.709961,2100.4,0.9514,0.233,0.509723203,-1.59,0.018,-1.1
2015-04-27,9349.179688,2108.92,0.95344,0.233,0.509723203,-1.59,0.018,-1.1
2015-05-04,9095.820313,2114.49,0.9333,0.233,0.509723203,-1.59,0.008,-0.83
2015-05-11,9117.330078,2105.33,0.93152,0.233,0.509723203,-1.59,0.013,-1.05
2015-05-18,9196.549805,2129.2,0.9153,0.068,0.350287,-1.43,0.013,-1.05
2015-05-26,9272.679688,2104.2,0.9455,0.068,0.350287,-1.43,0.015,-1.05
2015-06-01,9267.44043,2111.73,0.9413,0.068,0.350287,-1.43,0.01,-1.05
2015-06-08,9060.490234,2079.28,0.94026,0.068,0.350287,-1.43,0.015,-1.05
2015-06-15,8924.669922,2084.43,0.9298,-0.61,0.006704716,-1.4,0.01,-1.05
2015-06-22,9021.370117,2122.85,0.91811,-0.61,0.006704716,-1.4,0.008,-1.05
2015-06-29,8868.389648,2057.64,0.9405,-0.61,0.006704716,-1.4,0.005,-1.05
2015-07-06,8862.780273,2068.76,0.9441,-0.61,0.006704716,-1.4,0.01,-1.05
2015-07-13,9250.099609,2099.6,0.94003,-0.156,-0.141627628,-1.29,-0.003,-0.9
2015-07-20,9482.620117,2128.28,0.9622,-0.156,-0.141627628,-1.29,0.028,-1.05
2015-07-27,9194.480469,2067.64,0.9625,-0.156,-0.141627628,-1.29,0.033,-1.0
2015-08-03,9468.969727,2098.04,0.9671,-0.156,-0.141627628,-1.29,0.069,-1.0
2015-08-10,9510.780273,2104.18,0.9834,-0.156,-0.141627628,-1.29,0.076,-0.83
2015-08-17,9390.459961,2102.44,0.9771,0.098,-0.155675658,-0.92,0.071,-0.9
2015-08-24,8468.889648,1893.21,0.9473,0.098,-0.155675658,-0.92,0.023,-1.0
2015-08-31,8824.55957,1972.18,0.9611,0.098,-0.155675658,-0.92,0.01,-0.89
2015-09-08,8760.950195,1969.41,0.9755,0.098,-0.155675658,-0.92,0.031,-0.79
2015-09-14,8686.169922,1953.03,0.969,0.078,-0.044968375,-0.74,0.031,-0.84
2015-09-21,8782.269531,1966.97,0.9693,0.078,-0.044968375,-0.74,-0.008,-1.0
2015-09-28,8381.219727,1881.77,0.9793,0.078,-0.044968375,-0.74,-0.003,-1.0
2015-10-05,8740.830078,1987.05,0.9711,0.078,-0.044968375,-0.74,0.003,-0.84
2015-10-12,8706.110352,2017.46,0.961,0.078,-0.044968375,-0.74,0.0025,-0.88
2015-10-19,8705.660156,2033.66,0.95303,-0.068,-0.211068038,-0.53,0.003,-0.86
2015-10-26,8907.860352,2071.18,0.9786,-0.068,-0.211068038,-0.53,0.018,-0.84
2015-11-02,8936.080078,2104.05,0.98628,-0.068,-0.211068038,-0.53,0.064,-0.73
2015-11-09,8876.669922,2078.58,1.0054,-0.068,-0.211068038,-0.53,0.089,-0.92
2015-11-16,8727.089844,2053.19,1.008,-0.41,-0.341709644,0.0,0.109,-0.93
2015-11-23,8924.410156,2086.59,1.01949,-0.41,-0.341709644,0.0,0.117,-0.95
2015-11-30,8993.099609,2080.41,1.0302,-0.41,-0.341709644,0.0,0.181,-1.23
2015-12-07,8825.280273,2077.07,0.9968,-0.41,-0.341709644,0.0,0.249,-1.0
2015-12-14,8375.30957,2021.94,0.9838,-0.392,0.165310221,0.26,0.214,-0.82
2015-12-21,8544.349609,2021.15,0.99182,-0.392,0.165310221,0.26,0.168,-0.86
2015-12-28,8739.360352,2056.5,0.98678,-0.392,0.165310221,0.26,0.203,-0.85
2016-01-04,8656.30957,2012.66,0.9995,-0.392,0.165310221,0.26,0.168,-0.73
2016-01-11,8213.519531,1923.67,0.9921,-0.392,0.165310221,0.26,0.191,-0.75
2016-01-19,8223.759766,1881.33,1.005,0.187,0.082307653,0.4,0.244,-0.71
2016-01-25,8253.339844,1877.08,1.01612,0.187,0.082307653,0.4,0.29,-0.72
2016-02-01,8310.990234,1939.38,1.0245,0.187,0.082307653,0.4,0.31,-0.74
2016-02-08,7759.209961,1853.44,0.9928,0.187,0.082307653,0.4,0.275,-0.73
2016-02-16,7813.790039,1895.58,0.9857,0.294,0.430600014,0.53,0.287,-0.78
2016-02-22,7961.490234,1945.5,0.99062,0.294,0.430600014,0.53,0.308,-0.82
2016-02-29,7843.629883,1932.23,0.9967,0.294,0.430600014,0.53,0.323,-0.88
2016-03-07,8019.129883,2001.76,0.9939,0.294,0.430600014,0.53,0.276,-0.81
2016-03-14,8018.359863,2019.64,0.9827,0.333,0.474106798,0.51,0.322,-0.83
2016-03-21,7849.569824,2051.6,0.96933,0.333,0.474106798,0.51,0.302,-0.75
2016-03-29,7797.649902,2055.01,0.97345,0.333,0.474106798,0.51,0.236,-0.87
2016-04-04,7731.810059,2066.13,0.9586,0.333,0.474106798,0.51,0.195,-0.84
2016-04-11,7751.580078,2041.99,0.95335,0.333,0.474106798,0.51,0.221,-0.83
2016-04-18,8044.600098,2094.34,0.9663,0.146,0.4045791,0.41,0.21,-0.81
2016-04-25,8079.890137,2087.79,0.97825,0.146,0.4045791,0.41,0.251,-0.79
2016-05-02,7977.77002,2081.43,0.9587,0.146,0.4045791,0.41,0.198,-0.83
2016-05-09,7824.950195,2058.69,0.9725,0.146,0.4045791,0.41,0.213,-0.88
2016-05-17,7906.759766,2047.21,0.978,0.136,0.328436617,0.48,0.287,-0.83
2016-05-23,8038.459961,2048.04,0.99101,0.136,0.328436617,0.48,0.327,-0.8
2016-05-31,8216.419922,2096.96,0.9913,0.136,0.328436617,0.48,0.302,-0.84
2016-06-06,8165.97998,2109.41,0.97622,0.136,0.328436617,0.48,0.269,-0.85
2016-06-13,7782.350098,2079.06,0.9644,-0.447,-0.16181364,0.42,0.261,-0.94
2016-06-20,7900.220215,2083.25,0.9598,-0.447,-0.16181364,0.42,0.266,-0.95
2016-06-27,7594.490234,2000.54,0.9726,-0.447,-0.16181364,0.42,0.254,-1.07
2016-07-05,7941.669922,2088.55,0.97096,-0.447,-0.16181364,0.42,0.254,-1.03
2016-07-11,8117.109863,2137.16,0.983,-0.447,-0.16181364,0.42,0.289,-1.08
2016-07-18,8161.600098,2166.89,0.9838,-0.098,0.091843011,0.47,0.302,-0.92
2016-07-25,8194.410156,2168.48,0.98814,-0.098,0.091843011,0.47,0.312,-0.82
2016-08-02,8011.240234,2157.03,0.96816,-0.098,0.091843011,0.47,0.289,-0.86
2016-08-08,8168.839844,2180.89,0.98048,-0.098,0.091843011,0.47,0.269,-0.92
2016-08-15,8305.280273,2190.15,0.97462,0.059,0.240399586,0.45,0.292,-0.9
2016-08-22,8157.850098,2182.64,0.96185,0.059,0.240399586,0.45,0.297,-0.95
2016-08-29,8184.089844,2180.38,0.97774,0.059,0.240399586,0.45,0.322,-0.95
2016-09-06,8304.339844,2186.48,0.98004,0.059,0.240399586,0.45,0.32,-0.92
2016-09-12,8206.200195,2159.04,0.97482,0.059,0.240399586,0.45,0.37,-0.86
2016-09-19,8195.709961,2139.12,0.97965,0.049,0.124674851,0.51,0.256,-0.89
2016-09-26,8165.049805,2146.1,0.96923,0.049,0.124674851,0.51,0.19,-0.86
2016-10-03,8166.319824,2161.2,0.97209,0.049,0.124674851,0.51,0.307,-0.96
2016-10-10,8172.220215,2163.66,0.97769,0.049,0.124674851,0.51,0.323,-0.87
2016-10-17,8000.959961,2126.5,0.99038,-0.195,-0.155546087,0.52,0.309,-0.85
2016-10-24,7991.879883,2151.33,0.99421,-0.195,-0.155546087,0.52,0.327,-0.83
2016-10-31,7827.740234,2126.15,0.98739,-0.195,-0.155546087,0.52,0.309,-0.85
2016-11-07,7735.220215,2131.52,0.97434,-0.195,-0.155546087,0.52,0.408,-0.92
2016-11-14,7900.569824,2164.2,0.98951,-0.078,0.032732139,0.43,0.52,-0.87
2016-11-21,7849.859863,2198.18,1.01105,-0.078,0.032732139,0.43,0.442,-0.87
2016-11-28,7823.22998,2201.72,1.0125,-0.078,0.032732139,0.43,0.472,-0.89
2016-12-05,7845.680176,2204.71,1.0138,-0.078,0.032732139,0.43,0.472,-0.92
2016-12-12,8040.089844,2256.96,1.01804,-0.078,0.032732139,0.43,0.518,-0.91
2016-12-19,8234.490234,2262.53,1.0267,-0.029,0.582772789,0.42,0.495,-0.92
2016-12-27,8259.450195,2268.88,1.02683,-0.029,0.582772789,0.42,0.515,-0.84
2017-01-03,8316.179688,2257.83,1.02419,-0.029,0.582772789,0.42,0.497,-0.81
2017-01-09,8424.860352,2268.9,1.01742,-0.029,0.582772789,0.42,0.502,-0.8
2017-01-17,8304.099609,2267.89,1.0111,0.48,0.314611739,0.38,0.53,-0.83
2017-01-23,8229.009766,2265.2,1.00091,0.48,0.314611739,0.38,0.492,-0.85
2017-01-30,8320.830078,2280.9,0.9974,0.48,0.314611739,0.38,0.513,-0.84
2017-02-06,8330.929688,2292.56,0.99235,0.48,0.314611739,0.38,0.52,-0.83
2017-02-13,8462.879883,2328.25,1.0044,0.215,0.081279787,0.39,0.541,-0.84
2017-02-21,8567.179688,2365.38,1.00326,0.215,0.081279787,0.39,0.523,-0.88
2017-02-27,8520.55957,2369.75,1.00887,0.215,0.081279787,0.39,0.51,-0.92
2017-03-06,8664.799805,2375.31,1.00793,0.215,0.081279787,0.39,0.729,-0.87
2017-03-13,8683.049805,2373.47,1.0095,0.204,0.296553337,0.64,0.749,-0.87
2017-03-20,8695.040039,2373.47,0.9973,0.204,0.296553337,0.64,0.734,-0.84
2017-03-27,8594.540039,2341.59,0.98805,0.204,0.296553337,0.64,0.78,-0.91
2017-04-03,8633.860352,2358.84,1.0022,0.204,0.296553337,0.64,0.764,-0.86
2017-04-10,8616.679688,2357.16,1.00941,0.204,0.296553337,0.64,0.81,-0.9
2017-04-18,8529.280273,2342.19,1.00419,0.184,0.085472183,0.85,0.828,-0.89
2017-04-24,8711.320313,2374.15,0.9929,0.184,0.085472183,0.85,0.795,-0.86
2017-05-02,8868.55957,2391.17,0.99567,0.184,0.085472183,0.85,0.861,-0.89
2017-05-08,9039.610352,2399.38,0.98987,0.184,0.085472183,0.85,0.894,-0.81
2017-05-15,9108.25,2402.32,1.00107,-0.145,0.090711101,1.03,0.886,-0.95
2017-05-22,9084.780273,2394.02,0.97289,-0.145,0.090711101,1.03,0.904,-0.84
2017-05-30,9007.540039,2412.91,0.97924,-0.145,0.090711101,1.03,0.935,-0.83
2017-06-06,8908.269531,2429.33,0.965,-0.145,0.090711101,1.03,0.983,-0.84
2017-06-12,8807.849609,2429.39,0.96914,-0.145,0.090711101,1.03,0.998,-0.83
2017-06-19,9030.299805,2453.46,0.97299,-0.311,-0.068992264,1.06,1.011,-0.84
2017-06-26,9121.219727,2439.07,0.9693,-0.311,-0.068992264,1.06,0.96,-0.85
2017-07-03,9009.80957,2429.01,0.9589,-0.311,-0.068992264,1.06,1.026,-0.85
2017-07-10,8943.839844,2427.43,0.9634,-0.311,-0.068992264,1.06,1.039,-0.84
2017-07-17,9038.650391,2459.14,0.96329,0.029,0.29944523,1.08,1.047,-0.85
2017-07-24,8898.230469,2469.91,0.9447,0.029,0.29944523,1.08,1.179,-0.84
2017-07-31,9055.0,2470.3,0.96917,0.029,0.29944523,1.08,1.083,-0.84
2017-08-07,9155.129883,2480.91,0.97275,0.029,0.29944523,1.08,1.057,-0.82
2017-08-14,9031.269531,2465.84,0.96271,0.253,0.529490589,1.11,1.029,-0.81
2017-08-21,8883.780273,2428.37,0.9654,0.253,0.529490589,1.11,0.991,-0.86
2017-08-28,8864.230469,2444.24,0.9552,0.253,0.529490589,1.11,1.032,-0.87
2017-09-05,8869.55957,2457.85,0.95882,0.253,0.529490589,1.11,1.009,-0.86
2017-09-11,8982.230469,2488.11,0.94757,0.253,0.529490589,1.11,1.047,-0.86
2017-09-18,9048.110352,2503.87,0.96083,0.058,-0.06320421,1.1,1.027,-0.96
2017-09-25,9140.469727,2496.66,0.97069,0.058,-0.06320421,1.1,1.024,-0.83
2017-10-02,9242.150391,2529.12,0.9681,0.058,-0.06320421,1.1,1.044,-0.89
2017-10-09,9259.339844,2544.73,0.9779,0.058,-0.06320421,1.1,1.0698,-0.9
2017-10-16,9274.589844,2557.64,0.97448,-0.068,0.002432469,1.16,1.083,-0.87
2017-10-23,9248.490234,2564.98,0.98606,-0.068,0.002432469,1.16,1.098,-0.87
2017-10-30,9175.5,2572.83,0.99799,-0.068,0.002432469,1.16,1.103,-0.88
2017-11-06,9288.780273,2591.13,1.0002,-0.068,0.002432469,1.16,1.187,-0.9
2017-11-13,9162.740234,2584.84,0.9964,-0.029,-0.058783228,1.28,1.215,-0.91
2017-11-20,9299.610352,2582.14,0.9896,-0.029,-0.058783228,1.28,1.271,-0.9
2017-11-27,9264.389648,2601.42,0.9803,-0.029,-0.058783228,1.28,1.256,-0.93
2017-12-04,9328.629883,2639.44,0.98203,-0.029,-0.058783228,1.28,1.315,-0.96
2017-12-11,9314.759766,2659.99,0.99287,-0.029,-0.058783228,1.28,1.294,-0.9
2017-12-18,9452.320313,2690.16,0.99104,-0.136,0.544774545,1.41,1.348,-0.96
2017-12-27,9430.44043,2682.62,0.9897,-0.136,0.544774545,1.41,1.447,-0.97
2018-01-03,9478.919922,2713.06,0.97146,-0.136,0.544774545,1.41,1.404,-0.85
2018-01-08,9541.730469,2747.71,0.97506,-0.136,0.544774545,1.41,1.414,-0.83
2018-01-16,9464.049805,2776.42,0.96307,0.37,0.453468997,1.4,1.429,-0.86
2018-01-22,9529.129883,2832.97,0.9614,0.37,0.453468997,1.4,1.424,-0.86
2018-01-29,9457.269531,2853.53,0.93366,0.37,0.453468997,1.4,1.409,-0.85
2018-02-05,9100.389648,2648.94,0.93108,0.37,0.453468997,1.4,1.493,-0.85
2018-02-12,8822.179688,2656.0,0.9395,0.37,0.453468997,1.4,1.572,-0.8
2018-02-20,8981.389648,2716.26,0.9294,0.388,0.22611259,1.55,1.61,-0.86
2018-02-26,9026.110352,2779.6,0.93706,0.388,0.22611259,1.55,1.646,-0.9
2018-03-05,8808.379883,2720.94,0.93713,0.388,0.22611259,1.55,1.667,-0.86
2018-03-12,8970.740234,2783.02,0.9508,0.388,0.22611259,1.55,1.682,-0.84
2018-03-19,8811.330078,2712.92,0.9528,0.203,0.397509156,1.65,1.769,-0.9
2018-03-26,8509.290039,2658.55,0.9469,0.203,0.397509156,1.65,1.746,-0.85
2018-04-03,8630.929688,2614.45,0.955,0.203,0.397509156,1.65,1.754,-0.8
2018-04-09,8687.080078,2613.16,0.95922,0.203,0.397509156,1.65,1.715,-0.89
2018-04-16,8726.540039,2677.84,0.96307,0.385,0.415891693,1.71,1.754,-0.79
2018-04-23,8806.629883,2670.29,0.9759,0.385,0.415891693,1.71,1.825,-0.79
2018-04-30,8886.259766,2648.05,0.98811,0.385,0.415891693,1.71,1.807,-0.8
2018-05-07,8978.650391,2672.63,1.00054,0.385,0.415891693,1.71,1.835,-0.8
2018-05-14,9000.889648,2730.13,0.99986,0.0,0.15938757,1.77,1.899,-0.79
2018-05-22,8936.070313,2724.44,0.9968,0.0,0.15938757,1.77,1.938,-0.81
2018-05-29,8637.200195,2689.86,0.99338,0.0,0.15938757,1.77,1.886,-0.9
2018-06-04,8634.419922,2746.87,0.9886,0.0,0.15938757,1.77,1.91,-0.91
2018-06-11,8623.540039,2782.0,0.98481,0.0,0.15938757,1.77,1.912,-0.85
2018-06-18,8519.570313,2773.75,0.9975,-0.23,0.006746326,1.89,1.927,-0.8
2018-06-25,8458.75,2717.07,0.98787,-0.23,0.006746326,1.89,1.899,-0.8
2018-07-02,8529.589844,2726.71,0.99021,-0.23,0.006746326,1.89,1.935,-0.8
2018-07-09,8759.919922,2784.17,0.9892,-0.23,0.006746326,1.89,1.961,-0.79
2018-07-16,8847.959961,2798.43,1.00218,-0.01,0.055554233,1.92,1.981,-0.8
2018-07-23,8959.790039,2806.98,0.99087,-0.01,0.055554233,1.92,1.966,-0.83
2018-07-30,9163.379883,2802.6,0.99398,-0.01,0.055554233,1.92,1.991,-0.79
2018-08-06,9149.360352,2850.4,0.9944,-0.01,0.055554233,1.92,2.014,-0.79
2018-08-13,9005.349609,2821.93,0.9946,0.058,0.116202518,2.01,2.043,-0.8
2018-08-20,9059.530273,2857.05,0.99519,0.058,0.116202518,2.01,2.04,-0.8
2018-08-27,9098.700195,2896.74,0.98223,0.058,0.116202518,2.01,2.109,-0.8
2018-09-04,8951.889648,2896.72,0.96929,0.058,0.116202518,2.01,2.117,-0.8
2018-09-10,8930.240234,2877.13,0.9686,0.058,0.116202518,2.01,2.132,-0.8
2018-09-17,8936.709961,2888.8,0.967,0.173,0.176676346,2.17,2.158,-0.8
2018-09-24,8946.219727,2919.37,0.9582,0.173,0.176676346,2.17,2.173,-0.84
2018-10-01,9127.049805,2924.59,0.9812,0.173,0.176676346,2.17,2.206,-0.8
2018-10-08,8964.139648,2884.43,0.99141,0.173,0.176676346,2.17,2.2167,-0.9
2018-10-15,8653.160156,2750.79,0.9907,-0.25,-0.334934852,2.3,2.283,-0.8
2018-10-22,8865.55957,2755.88,0.9962,-0.25,-0.334934852,2.3,2.312,-0.8
2018-10-29,8759.620117,2641.25,0.9974,-0.25,-0.334934852,2.3,2.314,-0.8
2018-11-05,9008.580078,2738.31,1.0024,-0.25,-0.334934852,2.3,2.322,-0.8
2018-11-12,8984.049805,2726.22,1.0059,-0.25,-0.334934852,2.3,2.3551,-0.8
2018-11-19,8812.610352,2690.73,0.99938,-0.26,-0.319396282,2.4,2.355,-0.8
2018-11-26,8931.370117,2673.45,0.99732,-0.26,-0.319396282,2.4,2.399,-0.9
2018-12-03,9106.55957,2790.37,0.9983,-0.26,-0.319396282,2.4,2.342,-0.85
2018-12-10,8551.019531,2637.72,0.98972,-0.26,-0.319396282,2.4,2.386,-0.89
2018-12-17,8602.610352,2545.94,0.99751,-0.26,0.190659667,2.53,2.394,-0.84
2018-12-27,8195.639648,2488.83,0.9943,-0.26,0.190659667,2.53,2.41,-0.85
2019-01-03,8466.009766,2447.89,0.9887,-0.26,0.190659667,2.53,2.412,-0.8
2019-01-07,8535.950195,2549.69,0.98576,-0.26,0.190659667,2.53,2.409,-0.82
2019-01-14,8760.320313,2582.61,0.9837,0.387,0.422705314,2.49,2.417,-0.79
2019-01-22,8966.339844,2632.9,0.9973,0.387,0.422705314,2.49,2.401,-0.8
2019-01-28,8857.849609,2643.85,0.9924,0.387,0.422705314,2.49,2.388,-0.9
2019-02-04,9011.480469,2724.87,0.99547,0.387,0.422705314,2.49,2.391,-0.8
2019-02-11,9068.620117,2709.8,0.99929,0.387,0.422705314,2.49,2.432,-0.8
2019-02-19,9256.169922,2779.76,1.00447,0.53,0.564135836,2.46,2.429,-0.9
2019-02-25,9398.370117,2796.11,0.9997,0.53,0.564135836,2.46,2.45,-0.9
2019-03-04,9394.049805,2792.81,0.9983,0.53,0.564135836,2.46,2.432,-0.8
2019-03-11,9341.349609,2783.3,1.0078,0.53,0.564135836,2.46,2.444,-0.79
2019-03-18,9496.929688,2832.94,1.0024,0.192,0.529500161,2.4,2.446,-0.82
2019-03-25,9305.5,2798.36,0.99399,0.192,0.529500161,2.4,2.454,-0.74
2019-04-01,9538.110352,2867.19,0.995,0.192,0.529500161,2.4,2.392,-0.74
2019-04-08,9547.330078,2895.77,0.9999,0.192,0.529500161,2.4,2.429,-0.75
2019-04-15,9513.709961,2905.58,1.0024,0.306,0.212875859,2.41,2.423,-0.9
2019-04-23,9635.070313,2933.68,1.0153,0.306,0.212875859,2.41,2.45,-0.85
2019-04-29,9740.480469,2943.03,1.01932,0.306,0.212875859,2.41,2.423,-0.9
2019-05-06,9657.240234,2932.47,1.01652,0.306,0.212875859,2.41,2.426,-0.9
2019-05-13,9363.179688,2811.87,1.0104,-0.029,0.019914718,2.41,2.413,-0.75
2019-05-20,9582.080078,2840.23,1.0105,-0.029,0.019914718,2.41,2.382,-0.79
2019-05-28,9680.870117,2802.39,1.00395,-0.029,0.019914718,2.41,2.356,-0.79
2019-06-03,9602.730469,2744.45,0.99953,-0.029,0.019914718,2.41,2.341,-0.8
2019-06-11,9835.870117,2885.72,0.9889,-0.029,0.019914718,2.41,2.272,-0.8
2019-06-17,9851.570313,2889.67,0.9988,-0.515,0.167094162,2.19,2.195,-0.8
2019-06-24,9898.849609,2945.35,0.9754,-0.515,0.167094162,2.19,2.112,-0.85
2019-07-01,9970.0,2964.33,0.9794,-0.515,0.167094162,2.19,2.125,-0.79
2019-07-08,9994.099609,2975.95,0.9912,-0.515,0.167094162,2.19,2.241,-0.9
2019-07-15,9808.580078,3014.3,0.984,-0.01,-0.005066824,2.17,2.143,-0.84
2019-07-22,9922.370117,2985.03,0.98284,-0.01,-0.005066824,2.17,2.082,-0.8
2019-07-29,9970.870117,3020.97,0.9933,-0.01,-0.005066824,2.17,2.105,-0.84
2019-08-05,9599.429688,2844.74,0.9825,-0.01,-0.005066824,2.17,2.015,-0.9
2019-08-12,9760.019531,2883.09,0.97142,-0.01,-0.005066824,2.17,1.984,-0.99
2019-08-19,9825.589844,2923.65,0.9793,-0.115,0.078344858,2.02,1.907,-0.99
2019-08-26,9715.830078,2878.38,0.97285,-0.115,0.078344858,2.02,1.987,-0.99
2019-09-03,9852.700195,2906.27,0.99033,-0.115,0.078344858,2.02,1.964,-1.0
2019-09-09,10059.370117,2978.43,0.988,-0.115,0.078344858,2.02,1.964,-1.07
2019-09-16,9969.19043,2997.96,0.98686,-0.221,0.228619055,1.96,1.999,-0.97
2019-09-23,9997.389648,2991.78,0.99137,-0.221,0.228619055,1.96,1.905,-0.85
2019-09-30,10078.320313,2976.74,0.9909,-0.221,0.228619055,1.96,1.825,-0.89
2019-10-07,9914.05957,2938.79,0.99399,-0.221,0.228619055,1.96,1.723,-0.96
2019-10-14,9964.240234,2966.15,0.9978,-0.135,-0.053624303,1.66,1.6867,-1.0
2019-10-21,9991.419922,3006.72,0.98491,-0.135,-0.053624303,1.66,1.669,-0.89
2019-10-28,10231.799805,3039.42,0.9942,-0.135,-0.053624303,1.66,1.648,-0.88
2019-11-04,10337.070313,3078.27,0.98584,-0.135,-0.053624303,1.66,1.548,-0.83
2019-11-11,10305.269531,3087.01,0.99717,-0.135,-0.053624303,1.66,1.5561,-0.75
2019-11-18,10347.179688,3122.03,0.988986,0.029,-0.090976953,1.64,1.574,-0.79
2019-11-25,10468.620117,3133.64,0.9976,0.029,-0.090976953,1.64,1.589,-0.79
2019-12-02,10348.44043,3113.87,1.00011,0.029,-0.090976953,1.64,1.579,-1.0
2019-12-09,10434.889648,3135.96,0.99048,0.029,-0.090976953,1.64,1.556,-0.79
2019-12-16,10541.669922,3191.45,0.98396,-0.212,0.387976994,1.61,1.566,-0.75
2019-12-23,10724.339844,3224.01,0.98228,-0.212,0.387976994,1.61,1.574,-0.68
2019-12-30,10616.94043,3221.29,0.97371,-0.212,0.387976994,1.61,1.541,-0.79
2020-01-06,10665.410156,3246.28,0.97148,-0.212,0.387976994,1.61,1.538,-0.81
2020-01-13,10622.410156,3288.13,0.97314,0.125,0.274061813,1.63,1.564,-0.77
2020-01-21,10884.509766,3320.79,0.96838,0.125,0.274061813,1.63,1.556,-0.79
2020-01-27,10675.959961,3243.63,0.96994,0.125,0.274061813,1.63,1.546,-0.71
2020-02-03,10664.950195,3248.92,0.96336,0.125,0.274061813,1.63,1.579,-0.74
2020-02-10,11039.780273,3352.09,0.97666,0.125,0.274061813,1.63,1.566,-0.78
2020-02-18,11146.280273,3370.29,0.9804,0.067,-0.217645103,1.41,1.577,-0.79
2020-02-24,10712.839844,3225.89,0.97884,0.067,-0.217645103,1.41,1.548,-0.8
2020-03-02,9950.830078,3090.23,0.96398,0.067,-0.217645103,1.41,1.169,-0.79
2020-03-09,9196.599609,2746.56,0.92745,0.067,-0.217645103,1.41,0.383,-0.99
2020-03-16,8227.080078,2386.13,0.9463,-0.356,-0.668694187,0.69,0.223,-0.82
2020-03-23,8160.790039,2237.4,0.98507,-0.356,-0.668694187,0.69,0.03,-0.81
2020-03-30,9174.389648,2626.65,0.95047,-0.356,-0.668694187,0.69,0.053,-0.51
2020-04-06,9462.339844,2663.68,0.9772,-0.356,-0.668694187,0.69,0.104,-0.54
2020-04-14,9538.610352,2846.06,0.9664,0.039,0.001950162,0.5,0.208,-0.9
2020-04-20,9785.269531,2823.16,0.96783,0.039,0.001950162,0.5,0.101,-0.9
2020-04-27,9758.820313,2878.48,0.9735,0.039,0.001950162,0.5,0.114,-0.9
2020-05-04,9390.269531,2842.74,0.9625,0.039,0.001950162,0.5,0.104,-0.9
2020-05-11,9689.709961,2930.32,0.970922,0.039,0.001950162,0.5,0.119,-0.9
2020-05-18,9740.769531,2953.91,0.97191,0.019,0.547204693,0.48,0.122,-0.9
2020-05-26,9830.830078,2991.77,0.97146,0.019,0.547204693,0.48,0.129,-0.9
2020-06-02,9951.450195,3080.82,0.9611,0.019,0.547204693,0.48,0.152,-0.83
2020-06-08,10152.769531,3232.39,0.961,0.019,0.547204693,0.48,0.165,-0.8
2020-06-15,9842.55957,3066.59,0.95143,-0.155,0.50582435,0.4,0.167,-0.9
2020-06-22,10151.129883,3117.86,0.9522,-0.155,0.50582435,0.4,0.152,-0.9
2020-06-29,10060.459961,3053.24,0.9476,-0.155,0.50582435,0.4,0.137,-0.9
2020-07-06,10253.379883,3179.72,0.94497,-0.155,0.50582435,0.4,0.145,-0.9
2020-07-13,10300.959961,3155.22,0.94051,0.039,0.315321052,0.25,0.137,-0.9
2020-07-20,10470.919922,3251.84,0.93832,0.039,0.315321052,0.25,0.117,-0.9
2020-07-27,10272.339844,3239.41,0.9209,0.039,0.315321052,0.25,0.104,-0.9
2020-08-03,10229.669922,3294.61,0.9132,0.039,0.315321052,0.25,0.089,-0.9
2020-08-10,10090.910156,3360.47,0.912735,0.039,0.315321052,0.25,0.099,-0.9
2020-08-17,10228.05957,3381.99,0.9085,-0.039,0.139274694,0.26,0.094,-0.74
2020-08-24,10308.389648,3431.28,0.9118,-0.039,0.139274694,0.26,0.094,-0.9
2020-08-31,10135.55957,3500.31,0.9036,-0.039,0.139274694,0.26,0.106,-0.93
2020-09-08,10250.44043,3331.84,0.91639,-0.039,0.139274694,0.26,0.119,-0.93
2020-09-14,10457.429688,3383.54,0.90892,0.01,0.041493776,0.08,0.109,-0.91
2020-09-21,10325.44043,3281.06,0.91112,0.01,0.041493776,0.08,0.086,-0.76
2020-09-28,10308.669922,3351.6,0.92811,0.01,0.041493776,0.08,0.094,-1.04
2020-10-05,10303.05957,3408.63,0.9179,0.01,0.041493776,0.08,0.096,-0.98
2020-10-12,10364.099609,3534.22,0.91045,0.01,0.041493776,0.08,0.096,-0.97
2020-10-19,10184.360352,3426.92,0.91511,-0.252,-0.061062722,0.17,0.096,-0.96
2020-10-26,9985.620117,3400.97,0.90456,-0.252,-0.061062722,0.17,0.089,-1.02
2020-11-02,9791.679688,3310.24,0.91716,-0.252,-0.061062722,0.17,0.091,-0.9
2020-11-09,10417.990234,3550.5,0.89932,-0.252,-0.061062722,0.17,0.096,-0.96
2020-11-16,10586.740234,3626.91,0.91208,-0.097,0.094147847,-0.23,0.084,-0.98
2020-11-23,10464.400391,3577.59,0.91053,-0.097,0.094147847,-0.23,0.076,-1.02
2020-11-30,10476.429688,3621.63,0.90423,-0.097,0.094147847,-0.23,0.081,-1.03
2020-12-07,10375.379883,3691.96,0.89174,-0.097,0.094147847,-0.23,0.076,-0.9
2020-12-14,10373.030273,3647.49,0.88854,0.049,0.425378349,-0.29,0.071,-1.01
2020-12-21,10305.519531,3694.92,0.88548,0.049,0.425378349,-0.29,0.089,-0.9
2020-12-28,10603.490234,3735.36,0.88943,0.049,0.425378349,-0.29,0.094,-0.9
2021-01-04,10703.509766,3700.65,0.8831,0.049,0.425378349,-0.29,0.079,-0.9
2021-01-11,10870.419922,3799.61,0.88764,0.049,0.425378349,-0.29,0.086,-0.9
2021-01-19,10876.980469,3798.91,0.8909,0.165,0.547438279,-0.42,0.089,-0.9
2021-01-25,10925.700195,3855.36,0.885323,0.165,0.547438279,-0.42,0.076,-0.9
2021-02-01,10740.219727,3773.86,0.89136,0.165,0.547438279,-0.42,0.056,-0.9
2021-02-08,10778.830078,3915.59,0.89898,0.165,0.547438279,-0.42,0.03,-0.9
2021-02-16,10907.599609,3932.59,0.889834,0.339,0.708327313,-0.48,0.041,-0.9
2021-02-22,10697.379883,3876.5,0.89669,0.339,0.708327313,-0.48,0.03,-0.9
2021-03-01,10706.589844,3901.82,0.9074,0.339,0.708327313,-0.48,0.035,-0.9
2021-03-08,10830.379883,3821.35,0.9302,0.339,0.708327313,-0.48,0.041,-0.87
2021-03-15,10867.330078,3968.94,0.929265,0.212,0.821890915,-1.56,0.025,-0.9
2021-03-22,11048.580078,3940.59,0.93004,0.212,0.821890915,-1.56,0.01,-0.9
2021-03-29,11089.599609,3971.09,0.93955,0.212,0.821890915,-1.56,0.015,-0.89
2021-04-06,11182.950195,4073.94,0.93604,0.212,0.821890915,-1.56,0.02,-0.86
2021-04-12,11181.349609,4127.99,0.92529,0.212,0.821890915,-1.56,0.018,-0.9
2021-04-19,11209.839844,4163.26,0.92055,0.26,0.801710515,-1.8,0.02,-0.89
2021-04-26,11162.089844,4187.62,0.91389,0.26,0.801710515,-1.8,0.015,-0.86
2021-05-03,11119.0,4192.66,0.9129,0.26,0.801710515,-1.8,0.015,-0.9
2021-05-10,11123.669922,4188.43,0.90045,0.26,0.801710515,-1.8,0.01,-0.84
2021-05-17,11135.370117,4163.29,0.9012,0.077,0.92906629,-2.0,0.01,-0.9
2021-05-25,11225.580078,4188.13,0.897,0.077,0.92906629,-2.0,0.015,-0.9
2021-06-01,11434.879883,4202.04,0.8984,0.077,0.92906629,-2.0,0.015,-0.9
2021-06-07,11630.660156,4226.52,0.8991,0.077,0.92906629,-2.0,0.025,-0.9
2021-06-14,11866.410156,4255.15,0.897712,-0.086,0.481052353,-1.83,0.025,-0.88
2021-06-21,11995.629883,4224.79,0.92249,-0.086,0.481052353,-1.83,0.041,-0.9
2021-06-28,12009.169922,4290.61,0.91669,-0.086,0.481052353,-1.83,0.051,-0.9
2021-07-06,11965.219727,4343.54,0.9221,-0.086,0.481052353,-1.83,0.048,-0.9
2021-07-12,12081.620117,4384.63,0.91404,-0.086,0.481052353,-1.83,0.053,-0.89
2021-07-19,11862.080078,4258.49,0.91853,0.25,0.032600374,-1.89,0.046,-0.9
2021-07-26,12049.629883,4422.3,0.91953,0.25,0.032600374,-1.89,0.046,-0.88
2021-08-02,12171.019531,4387.16,0.90591,0.25,0.032600374,-1.89,0.048,-0.9
2021-08-09,12310.75,4432.35,0.9156,0.25,0.032600374,-1.89,0.051,-0.9
2021-08-16,12419.139648,4479.71,0.9154,0.01,0.410850556,-1.8,0.063,-0.9
2021-08-23,12476.870117,4479.53,0.91712,0.01,0.410850556,-1.8,0.051,-0.9
2021-08-30,12436.580078,4528.79,0.9112,0.01,0.410850556,-1.8,0.046,-0.9
2021-09-07,12344.379883,4520.03,0.91488,0.01,0.410850556,-1.8,0.041,-0.9
2021-09-13,12074.80957,4468.73,0.91814,0.307,0.866476548,-1.81,0.048,-0.95
2021-09-20,11766.419922,4357.73,0.93204,0.307,0.866476548,-1.81,0.03,-0.94
2021-09-27,11691.179688,4443.11,0.92447,0.307,0.866476548,-1.81,0.03,-0.9
2021-10-04,11582.349609,4300.46,0.92957,0.307,0.866476548,-1.81,0.038,-0.9
2021-10-11,11771.570313,4361.19,0.92785,0.307,0.866476548,-1.81,0.0532,-0.9
2021-10-18,11968.080078,4486.46,0.92353,0.038,0.699229907,-1.7,0.053,-0.9
2021-10-25,12063.169922,4566.48,0.916553,0.038,0.699229907,-1.7,0.056,-0.9
2021-11-01,12216.330078,4613.67,0.91614,0.038,0.699229907,-1.7,0.048,-0.9
2021-11-08,12353.349609,4701.7,0.91197,0.038,0.699229907,-1.7,0.041,-0.84
2021-11-15,12517.120117,4682.8,0.9211,-0.105,0.57517485,-1.85,0.046,-0.83
2021-11-22,12510.80957,4682.94,0.9293,-0.105,0.57517485,-1.85,0.051,-0.79
2021-11-29,12220.740234,4655.27,0.92432,-0.105,0.57517485,-1.85,0.048,-0.81
2021-12-06,12375.349609,4591.67,0.91849,-0.105,0.57517485,-1.85,0.053,-0.87
2021-12-13,12551.280273,4668.97,0.92107,-0.105,0.57517485,-1.15,0.056,-0.98
2021-12-20,12589.889648,4568.02,0.92329,-0.105,0.57517485,-1.15,0.076,-1.05
2021-12-27,12866.900391,4791.19,0.918781,-0.105,0.57517485,-1.15,0.056,-0.9
